datetime,actual,xgboost,arima,ensemble_70_30
2025-05-10 00:00:00,39072.258992385105,39047.2,39130.097627059055,39072.068350617716
2025-05-10 01:00:00,39092.6051576128,39041.684,39128.357685634524,39067.68504006536
2025-05-10 02:00:00,38988.3500437777,39037.023,39130.0960472684,39064.94482980552
2025-05-10 03:00:00,38851.4066144383,39038.977,39128.3592639908,39065.79098232224
2025-05-10 04:00:00,39227.0699734741,39033.33,39130.094470345204,39062.35841922856
2025-05-10 05:00:00,39055.1286915941,39037.23,39128.36083948222,39064.568798719665
2025-05-10 06:00:00,39022.7928290399,39040.766,39130.092896284266,39067.56302513528
2025-05-10 07:00:00,38995.7641775154,39034.18,39128.36241211399,39062.43450488419
2025-05-10 08:00:00,39000.0262492471,39032.82,39130.09132508038,39062.002006899114
2025-05-10 09:00:00,39022.5177712125,39037.28,39128.363981891285,39064.604897692385
2025-05-10 10:00:00,39083.4651819905,39035.977,39130.08975672837,39064.21052076851
2025-05-10 11:00:00,39064.4948052235,39040.19,39128.365548819296,39066.64247714579
2025-05-10 12:00:00,39148.1905843614,39037.59,39130.088191223054,39065.33895736691
2025-05-10 13:00:00,39095.8410920751,39039.797,39128.3671129032,39066.36755574596
2025-05-10 14:00:00,38974.0412251802,39041.13,39130.08662855927,39067.81505106778
2025-05-10 15:00:00,38983.6489419711,39039.61,39128.36867414815,39066.237164744445
2025-05-10 16:00:00,39199.9646203316,39034.906,39130.08506873186,39063.45911436956
2025-05-10 17:00:00,39026.4152952725,39034.867,39128.370232559304,39062.91731976779
2025-05-10 18:00:00,39076.0588155053,39043.74,39130.08351173567,39069.6422410207
2025-05-10 19:00:00,39020.0127629461,39042.633,39128.371788141805,39068.353333317544
2025-05-10 20:00:00,39208.7508946953,39045.53,39130.08195756557,39070.89568101967
2025-05-10 21:00:00,38914.1112412528,39049.44,39128.37334090079,39073.12137727024
2025-05-10 22:00:00,38992.9878147366,39053.055,39130.080406216424,39076.162793739924
2025-05-10 23:00:00,39274.6282360852,39053.508,39128.374890841376,39075.96754537741
2025-05-11 00:00:00,39091.585012223695,39049.63,39130.07885768311,39073.76389167993
2025-05-11 01:00:00,39094.0912410583,39043.14,39128.37643796868,39068.71019701561
2025-05-11 02:00:00,39195.3989183794,39038.57,39130.07731196052,39066.02124046316
2025-05-11 03:00:00,39003.4595828825,39039.055,39128.37798228782,39065.85128531135
2025-05-11 04:00:00,38884.6000648838,39035.11,39130.075769043564,39063.59890258807
2025-05-11 05:00:00,39042.6182970814,39038.543,39128.37952380389,39065.494325891166
2025-05-11 06:00:00,39115.8865536721,39040.94,39130.07422892713,39067.680471803134
2025-05-11 07:00:00,38938.48960915,39035.727,39128.381062521956,39063.522131256585
2025-05-11 08:00:00,39153.7508413798,39035.375,39130.07269160614,39063.78352623184
2025-05-11 09:00:00,38943.5025661425,39039.19,39128.38259844712,39065.94837328413
2025-05-11 10:00:00,38973.5368114839,39038.145,39130.07115707552,39065.72251899766
2025-05-11 11:00:00,39035.6981744698,39041.92,39128.38413158445,39067.86094260033
2025-05-11 12:00:00,39276.3154913692,39037.52,39130.06962533022,39065.284559474065
2025-05-11 13:00:00,39129.1714958254,39039.117,39128.385661939,39065.8965579567
2025-05-11 14:00:00,39061.1430970894,39042.523,39130.068096365176,39068.786053909556
2025-05-11 15:00:00,39048.8623081072,39038.758,39128.38718951582,39065.64701622975
2025-05-11 16:00:00,39061.1605456672,39034.098,39130.06657017533,39062.8871585526
2025-05-11 17:00:00,39050.2368066492,39034.34,39128.38871431995,39062.553723670986
2025-05-11 18:00:00,39098.8888093663,39043.492,39130.065046755655,39069.462873401695
2025-05-11 19:00:00,39142.6075942594,39041.207,39128.390236356434,39067.36082090693
2025-05-11 20:00:00,38930.0315566828,39044.34,39130.06352610112,39070.05616720534
2025-05-11 21:00:00,38964.5611964715,39047.277,39128.391755630284,39071.61127668909
2025-05-11 22:00:00,39067.9852420344,39053.45,39130.0620082067,39076.43266496201
2025-05-11 23:00:00,39182.0097286021,39054.434,39128.39327214651,39076.62149726895
2025-05-12 00:00:00,39029.330372858,39048.637,39130.0604930674,39073.06306979522
2025-05-12 01:00:00,38979.3847203748,39042.836,39128.39478591013,39068.50281077304
2025-05-12 02:00:00,39082.64769254,39035.645,39130.05898067821,39063.96886607846
2025-05-12 03:00:00,39078.1039608162,39034.324,39128.39629692614,39062.546232827845
2025-05-12 04:00:00,39038.0359371467,39029.664,39130.05747103414,39059.78091318524
2025-05-12 05:00:00,39129.5827163624,39031.535,39128.39780519952,39060.593560309855
2025-05-12 06:00:00,39031.811344252,39035.55,39130.0559641302,39063.90155486406
2025-05-12 07:00:00,39092.3392124369,39031.98,39128.39931073525,39060.90651197058
2025-05-12 08:00:00,39323.0987486267,39031.82,39130.05445996143,39061.28977548843
2025-05-12 09:00:00,39043.589564260306,39038.297,39128.400813538305,39065.32688468649
2025-05-12 10:00:00,38931.8807314403,39041.11,39130.05295852286,39067.79127818186
2025-05-12 11:00:00,39080.121920743506,39049.43,39128.40231361363,39073.12030345909
2025-05-12 12:00:00,39089.2742130089,39047.832,39130.051459809525,39072.49785981786
2025-05-12 13:00:00,38941.2110879682,39055.23,39128.40381096619,39077.18129953986
2025-05-12 14:00:00,39091.8242435993,39053.13,39130.04996381649,39076.20444226995
2025-05-12 15:00:00,39064.8791177788,39049.242,39128.40530560093,39072.99034168028
2025-05-12 16:00:00,39145.1332412251,39044.895,39130.04847053882,39070.44032241165
2025-05-12 17:00:00,38997.213990666,39038.023,39128.40679752277,39065.13727363183
2025-05-12 18:00:00,38908.0772789255,39047.777,39130.04697997158,39072.45745336647
2025-05-12 19:00:00,39203.660653540894,39043.01,39128.408286736645,39068.62990789599
2025-05-12 20:00:00,39159.9366257524,39044.977,39130.04549210985,39070.49606950796
2025-05-12 21:00:00,39005.4489426766,39049.027,39128.40977324747,39072.84129134924
2025-05-12 22:00:00,39089.50390176,39046.086,39130.04400694872,39071.272967709614
2025-05-12 23:00:00,38882.167846869,39045.426,39128.41125706014,39070.32025211804
2025-05-13 00:00:00,39209.6174565372,39052.508,39130.04252448329,39075.768616719986
2025-05-13 01:00:00,39235.6757008286,39046.48,39128.41273817956,39071.05897770387
2025-05-13 02:00:00,39052.0911688217,39040.742,39130.04104470866,39067.5318446626
2025-05-13 03:00:00,39007.4432540942,39039.594,39128.41421661062,39066.239108733185
2025-05-13 04:00:00,38928.0453037896,39034.06,39130.039567619955,39062.85171403598
2025-05-13 05:00:00,39023.6677961586,39037.113,39128.4156923582,39064.50322333246
2025-05-13 06:00:00,39047.7105493994,39039.46,39130.0380932123,39066.63447483869
2025-05-13 07:00:00,39061.4401944957,39037.113,39128.41716542716,39064.50366525315
2025-05-13 08:00:00,38987.4523574456,39039.24,39130.03662148082,39066.47778331924
2025-05-13 09:00:00,38936.0805541917,39046.89,39128.418635822374,39071.347856371714
2025-05-13 10:00:00,39217.0191488009,39050.312,39130.035152420656,39074.229295726196
2025-05-13 11:00:00,38926.2879074419,39058.508,39128.42010354869,39079.481109189604
2025-05-13 12:00:00,39139.1797115709,39055.844,39130.033686026974,39078.09994955809
2025-05-13 13:00:00,39053.2775472833,39062.523,39128.42156861095,39082.29209558328
2025-05-13 14:00:00,39177.092780398,39058.95,39130.03222229492,39080.27333856348
2025-05-13 15:00:00,38924.7639725108,39054.773,39128.423031014,39076.8687061792
2025-05-13 16:00:00,38952.29531784,39048.312,39130.03076121967,39072.8275877409
2025-05-13 17:00:00,38984.379119182,39041.438,39128.424490762656,39067.533206603795
2025-05-13 18:00:00,39056.1213603276,39051.805,39130.0293027964,39075.27246271392
2025-05-13 19:00:00,38934.6717271679,39046.227,39128.42594786174,39070.88520623352
2025-05-13 20:00:00,39147.1361659709,39050.53,39130.0278470203,39074.37944785609
2025-05-13 21:00:00,39036.6496906354,39055.69,39128.427402316054,39077.51259569482
2025-05-13 22:00:00,39165.4694338555,39056.14,39130.026393886554,39078.30674629097
2025-05-13 23:00:00,39103.8650244807,39057.984,39128.42885413041,39079.11654686413
2025-05-14 00:00:00,38974.876232559,39051.164,39130.02494339038,39074.821936142114
2025-05-14 01:00:00,38994.1450243912,39045.316,39128.4303033096,39070.24979411788
2025-05-14 02:00:00,39178.5629825863,39038.57,39130.023495526984,39066.005095533095
2025-05-14 03:00:00,38928.318128532,39037.742,39128.4317498584,39064.94944683252
2025-05-14 04:00:00,39066.6179420711,39030.81,39130.02205029158,39060.57302133748
2025-05-14 05:00:00,39048.0569549886,39037.2,39128.43319378158,39064.56902063447
2025-05-14 06:00:00,39082.0919733672,39041.35,39130.02060767941,39067.95149480383
2025-05-14 07:00:00,38889.6926778242,39036.06,39128.43463508392,39063.77062490018
2025-05-14 08:00:00,39014.4348909087,39032.574,39130.019167685714,39061.80653155572
2025-05-14 09:00:00,39135.5685494647,39041.55,39128.436073770165,39067.61675963105
2025-05-14 10:00:00,39210.000174031695,39043.406,39130.017730305735,39069.390084716724
2025-05-14 11:00:00,39111.679518472,39051.91,39128.43750984508,39074.86719045352
2025-05-14 12:00:00,39158.0341066147,39050.863,39130.016295534726,39074.60840428542
2025-05-14 13:00:00,39024.5876330302,39055.273,39128.43894331338,39077.22308924401
2025-05-14 14:00:00,39017.1617790634,39053.11,39130.01486336795,39076.180240260386
2025-05-14 15:00:00,39037.7586739743,39048.703,39128.44037417981,39072.623909128946
2025-05-14 16:00:00,39106.9967806695,39043.145,39130.01343380068,39069.205202015204
2025-05-14 17:00:00,38977.1665456455,39037.64,39128.441802449095,39064.880196984726
2025-05-14 18:00:00,39251.7927080568,39047.79,39130.012006828205,39072.45477392346
2025-05-14 19:00:00,39144.0589053801,39042.484,39128.44322812594,39068.27124968778
2025-05-14 20:00:00,39063.8832173134,39046.395,39130.01058244581,39071.47973723374
2025-05-14 21:00:00,39098.8420394105,39051.145,39128.44465121506,39074.33417661452
2025-05-14 22:00:00,39091.7185812257,39056.133,39130.00916064879,39078.29571694464
2025-05-14 23:00:00,39088.8667790075,39057.434,39128.44607172115,39078.73694651634
2025-05-15 00:00:00,39124.6218831818,39048.67,39130.00774143246,39073.07263492974
2025-05-15 01:00:00,39051.2778265292,39042.586,39128.44748964889,39068.34479376967
2025-05-15 02:00:00,39092.1171661074,39034.57,39130.006324792135,39063.20111618764
2025-05-15 03:00:00,38986.7519038454,39034.508,39128.44890500297,39062.68896837589
2025-05-15 04:00:00,39061.8413453447,39027.918,39130.00491072314,39058.544441966944
2025-05-15 05:00:00,39143.8732819166,39032.402,39128.45031778806,39061.21673596142
2025-05-15 06:00:00,39153.0357270906,39036.45,39130.003499220795,39064.51472164124
2025-05-15 07:00:00,39083.4240016824,39032.145,39128.45172800882,39061.03551840264
2025-05-15 08:00:00,39132.5092506453,39027.797,39130.00209028045,39058.45765833413
2025-05-15 09:00:00,38988.6660738618,39035.105,39128.4531356699,39063.11015945097
2025-05-15 10:00:00,39171.1661864657,39036.305,39130.000683897466,39064.41231454424
2025-05-15 11:00:00,39118.8090933681,39045.76,39128.45454077596,39070.569565357786
2025-05-15 12:00:00,39106.9853933226,39044.344,39129.99928006719,39070.040799645154
2025-05-15 13:00:00,39071.0920597948,39049.26,39128.455943331624,39073.01920487449
2025-05-15 14:00:00,39159.2274894736,39046.402,39129.99787878499,39071.4798323855
2025-05-15 15:00:00,39015.6378857426,39043.64,39128.45734334153,39069.08603112746
2025-05-15 16:00:00,38936.8933694206,39038.6,39129.99648004623,39066.02042838887
2025-05-15 17:00:00,39085.1298012817,39033.855,39128.45874081028,39062.236840993086
2025-05-15 18:00:00,39171.1839540557,39044.81,39129.99508384631,39070.36375952889
2025-05-15 19:00:00,38967.4058278513,39037.984,39128.46013574251,39065.12593134775
2025-05-15 20:00:00,39050.6191357811,39043.188,39129.993690180614,39069.22857580418
2025-05-15 21:00:00,39084.9224711216,39046.914,39128.46152814281,39071.37830219284
2025-05-15 22:00:00,39063.481997114,39052.23,39129.99229904454,39075.55823658836
2025-05-15 23:00:00,39163.3648690633,39054.105,39128.462918015786,39076.41192227974
2025-05-16 00:00:00,39173.0071362576,39045.383,39129.99091043351,39070.76485125505
2025-05-16 01:00:00,39024.850290994,39038.867,39128.464305366026,39065.746322859806
2025-05-16 02:00:00,39089.5593960048,39032.92,39129.98952434293,39062.041779177875
2025-05-16 03:00:00,39333.8255877951,39033.43,39128.46569019809,39061.940097684426
2025-05-16 04:00:00,38989.7125446887,39027.473,39129.98814076822,39058.22691098046
2025-05-16 05:00:00,39109.0212318006,39031.773,39128.46707251657,39060.78035612997
2025-05-16 06:00:00,39105.7435483564,39036.195,39129.98675970482,39064.331965411446
2025-05-16 07:00:00,39058.007845637,39030.285,39128.46845232602,39059.73975444781
2025-05-16 08:00:00,38996.7440718926,39027.652,39129.98538114818,39058.35108309446
2025-05-16 09:00:00,39031.195539833505,39033.44,39128.469829631,39061.9491520143
2025-05-16 10:00:00,39311.1638381702,39032.83,39129.98400509374,39061.97371715312
2025-05-16 11:00:00,38953.8096407962,39039.758,39128.47120443605,39066.37143945581
2025-05-16 12:00:00,38958.0943762611,39036.906,39129.982631536965,39064.82877383609
2025-05-16 13:00:00,39067.0360421745,39042.95,39128.472576745706,39068.60622614871
2025-05-16 14:00:00,39061.8498477121,39042.43,39129.98126047331,39068.69555001699
2025-05-16 15:00:00,39001.392287032,39041.496,39128.473946564496,39067.589058969344
2025-05-16 16:00:00,38903.5409954419,39037.066,39129.979891898256,39064.93928006948
2025-05-16 17:00:00,38918.6390084989,39033.344,39128.47531389694,39061.88243791908
2025-05-16 18:00:00,39085.7526100975,39043.89,39129.97852580728,39069.716213992186
2025-05-16 19:00:00,39171.919831875,39040.867,39128.47667874755,39067.15042549926
2025-05-16 20:00:00,38810.7776425707,39043.848,39129.977162195886,39069.68650803377
2025-05-16 21:00:00,39016.2245352242,39046.87,39128.47804112085,39071.35200608625
2025-05-16 22:00:00,39126.6163194303,39051.1,39129.97580105956,39074.764224692866
2025-05-16 23:00:00,39040.4080283054,39052.547,39128.479401021315,39075.3270234314
2025-05-17 00:00:00,39130.7250434065,39047.2,39129.974442393825,39072.031395218146
2025-05-17 01:00:00,39130.7044324473,39041.684,39128.48075845344,39067.72196191103
2025-05-17 02:00:00,39057.8714055257,39037.023,39129.973086194186,39064.90794148325
2025-05-17 03:00:00,39187.4180387445,39038.977,39128.48211342171,39065.82783715151
2025-05-17 04:00:00,39099.3496987087,39033.33,39129.97173245617,39062.321597861854
2025-05-17 05:00:00,39066.9186179615,39037.23,39128.4834659306,39064.60558665418
2025-05-17 06:00:00,38958.9648494694,39040.766,39129.970381175306,39067.52627060259
2025-05-17 07:00:00,39022.0348422912,39034.18,39128.48481598456,39062.47122604537
2025-05-17 08:00:00,39201.4557663613,39032.82,39129.96903234714,39061.96531907914
2025-05-17 09:00:00,39137.6191318523,39037.28,39128.48616358805,39064.641552201414
2025-05-17 10:00:00,39176.9665070652,39035.977,39129.96768596721,39064.17389954016
2025-05-17 11:00:00,38975.5828722209,39040.19,39128.48750874553,39066.67906512366
2025-05-17 12:00:00,39076.9779033919,39037.59,39129.96634203108,39065.302402609326
2025-05-17 13:00:00,39089.2987630747,39039.797,39128.48885146142,39066.404077313426
2025-05-17 14:00:00,38952.4912051728,39041.13,39129.965000534314,39067.77856266029
2025-05-17 15:00:00,39038.2911746103,39039.61,39128.490191740166,39066.27362002205
2025-05-17 16:00:00,38910.3845135262,39034.906,39129.96366147248,39063.42269219174
2025-05-17 17:00:00,39141.9717198153,39034.867,39128.491529586194,39062.95370887586
2025-05-17 18:00:00,39118.8174292943,39043.74,39129.962324841166,39069.60588495235
2025-05-17 19:00:00,39032.3390319655,39042.633,39128.49286500391,39068.389656376174
2025-05-17 20:00:00,39339.2117612679,39045.53,39129.96099063595,39070.85939094079
2025-05-17 21:00:00,38995.1496907557,39049.44,39128.494197997716,39073.157634399315
2025-05-17 22:00:00,38988.0527799303,39053.055,39129.95965885243,39076.12656953073
2025-05-17 23:00:00,39031.3617312957,39053.508,39128.49552857203,39076.003736696606
2025-05-18 00:00:00,39170.1173993332,39049.63,39129.95832948622,39073.72773322086
2025-05-18 01:00:00,39061.7769187596,39043.14,39128.49685673123,39068.746322644365
2025-05-18 02:00:00,39114.3190666469,39038.57,39129.95700253293,39065.98514763488
2025-05-18 03:00:00,39330.4640318945,39039.055,39128.498182479714,39065.887345368916
2025-05-18 04:00:00,38924.4815774037,39035.11,39129.955677988175,39063.562875271455
2025-05-18 05:00:00,39115.3145648795,39038.543,39128.49950582184,39065.53032049655
2025-05-18 06:00:00,39029.5022233185,39040.94,39129.954355847585,39067.644509879276
2025-05-18 07:00:00,39058.7910759562,39035.727,39128.500826761985,39063.558060528594
2025-05-18 08:00:00,39052.74840321,39035.375,39129.953036106795,39063.74762958204
2025-05-18 09:00:00,38951.860989727,39039.19,39128.502145304505,39065.98423734135
2025-05-18 10:00:00,39042.8930358967,39038.145,39129.951718761455,39065.68668750343
2025-05-18 11:00:00,39183.6294504001,39041.92,39128.50346145376,39067.896741561126
2025-05-18 12:00:00,39140.4273403661,39037.52,39129.95040380721,39065.24879301716
2025-05-18 13:00:00,39194.8080523893,39039.117,39128.50477521409,39065.93229193923
2025-05-18 14:00:00,38991.1011491159,39042.523,39129.94909123973,39068.75035237192
2025-05-18 15:00:00,39117.6137409558,39038.758,39128.50608658983,39065.682685351945
2025-05-18 16:00:00,39091.3940349041,39034.098,39129.94778105467,39062.851521816396
2025-05-18 17:00:00,38991.6736927123,39034.34,39128.50739558529,39062.589328050584
2025-05-18 18:00:00,39254.3607281587,39043.492,39129.946473247706,39069.42730134931
2025-05-18 19:00:00,39164.658310778,39041.207,39128.508702204825,39067.39636066145
2025-05-18 20:00:00,38999.5355114632,39044.34,39129.945167814534,39070.02065971936
2025-05-18 21:00:00,39051.7487439493,39047.277,39128.51000645273,39071.64675193582
2025-05-18 22:00:00,39132.2137344296,39053.45,39129.943864750836,39076.39722192525
2025-05-18 23:00:00,39059.8257710735,39054.434,39128.511308333305,39076.65690812499
2025-05-19 00:00:00,39045.7105235032,39048.637,39129.94256405231,39073.02769109069
2025-05-19 01:00:00,39180.636533849,39042.836,39128.51260785085,39068.53815735525
2025-05-19 02:00:00,38934.7617995561,39035.645,39129.94126571467,39063.9335515894
2025-05-19 03:00:00,39085.6345756004,39034.324,39128.513905009655,39062.581515252896
2025-05-19 04:00:00,39039.6571985251,39029.664,39129.93996973362,39059.74566279509
2025-05-19 05:00:00,39183.8780440889,39031.535,39128.515199814006,39060.6287786942
2025-05-19 06:00:00,39111.9289721066,39035.55,39129.938676104895,39063.86636845647
2025-05-19 07:00:00,39006.4982568726,39031.98,39128.51649226817,39060.94166643045
2025-05-19 08:00:00,39073.2083170759,39031.82,39129.937384824225,39061.25465294727
2025-05-19 09:00:00,39018.4897711814,39038.297,39128.517782376424,39065.361975337924
2025-05-19 10:00:00,39158.2717845397,39041.11,39129.93609588734,39067.7562193912
2025-05-19 11:00:00,39048.7054789581,39049.43,39128.51907014301,39073.1553304179
2025-05-19 12:00:00,39030.1386664364,39047.832,39129.93480928998,39072.462864662
2025-05-19 13:00:00,39115.301013798,39055.23,39128.52035557219,39077.216262921655
2025-05-19 14:00:00,39089.5127508798,39053.13,39129.93352502792,39076.16951063338
2025-05-19 15:00:00,39112.3249216704,39049.242,39128.5216386682,39073.02524160046
2025-05-19 16:00:00,39156.3560055925,39044.895,39129.932243096904,39070.40545417907
2025-05-19 17:00:00,39147.3579348985,39038.023,39128.52291943528,39065.17211020558
2025-05-19 18:00:00,39041.7654111518,39047.777,39129.930963492705,39072.42264842281
2025-05-19 19:00:00,38948.283615169,39043.01,39128.524197877654,39068.6646812383
2025-05-19 20:00:00,39031.2683162149,39044.977,39129.9296862111,39070.46132773833
2025-05-19 21:00:00,38961.4870150416,39049.027,39128.52547399954,39072.87600157486
2025-05-19 22:00:00,39173.1678212927,39046.086,39129.92841124788,39071.23828899936
2025-05-19 23:00:00,39162.1295707814,39045.426,39128.52674780516,39070.354899341546
2025-05-20 00:00:00,38941.3600805143,39052.508,39129.927138598825,39075.734000954646
2025-05-20 01:00:00,39011.6414679148,39046.48,39128.52801929871,39071.09356203961
2025-05-20 02:00:00,39071.5791913544,39040.742,39129.92586825974,39067.49729172792
2025-05-20 03:00:00,39025.0119053254,39039.594,39128.52928848439,39066.27363029531
2025-05-20 04:00:00,39109.0143661042,39034.06,39129.92460022644,39062.81722381793
2025-05-20 05:00:00,39173.2932069394,39037.113,39128.53055536638,39064.53768223491
2025-05-20 06:00:00,39220.3092043686,39039.46,39129.92333449472,39066.600047223415
2025-05-20 07:00:00,39085.5142247977,39037.113,39128.53181994886,39064.53806160966
2025-05-20 08:00:00,39123.1098904014,39039.24,39129.92207106042,39066.44341819313
2025-05-20 09:00:00,38911.325100058,39046.89,39128.53308223602,39071.38219029581
2025-05-20 10:00:00,38969.1690080281,39050.312,39129.920809919364,39074.19499297581
2025-05-20 11:00:00,39031.0251041225,39058.508,39128.534342232015,39079.515380794604
2025-05-20 12:00:00,39086.5127744509,39055.844,39129.91955106739,39078.065709070215
2025-05-20 13:00:00,38956.2581700412,39062.523,39128.53559994101,39082.3263049823
2025-05-20 14:00:00,39058.7437928069,39058.95,39129.91829450034,39080.2391602251
2025-05-20 15:00:00,39126.4053275654,39054.773,39128.53685536714,39076.90285348514
2025-05-20 16:00:00,39118.9425791495,39048.312,39129.91704021407,39072.79347143922
2025-05-20 17:00:00,38943.2054548661,39041.438,39128.53810851458,39067.56729192937
2025-05-20 18:00:00,39008.3142682362,39051.805,39129.915788204446,39075.238408336336
2025-05-20 19:00:00,38842.1583688649,39046.227,39128.53935938743,39070.91922969123
2025-05-20 20:00:00,39158.8717631814,39050.53,39129.914538467325,39074.3454552902
2025-05-20 21:00:00,39094.4403790561,39055.69,39128.540607989846,39077.546557396956
2025-05-20 22:00:00,39004.0252191722,39056.14,39129.913290998586,39078.27281542458
2025-05-20 23:00:00,39018.3247448069,39057.984,39128.54185432593,39079.15044692278
2025-05-21 00:00:00,39151.6023777412,39051.164,39129.91204579411,39074.788066863235
2025-05-21 01:00:00,39252.4028950874,39045.316,39128.54309839981,39070.28363264494
2025-05-21 02:00:00,39135.108783599906,39038.57,39129.910802849794,39065.97128772994
2025-05-21 03:00:00,38974.4552058658,39037.742,39128.54434021558,39064.98322393967
2025-05-21 04:00:00,39228.4016411669,39030.81,39129.90956216153,39060.53927489846
2025-05-21 05:00:00,39077.9724029778,39037.2,39128.54557977735,39064.602736433204
2025-05-21 06:00:00,39048.1167905727,39041.35,39129.90832372522,39067.91780961757
2025-05-21 07:00:00,38975.6242605804,39036.06,39128.546817089205,39063.80427950176
2025-05-21 08:00:00,39006.4326929399,39032.574,39129.90708753679,39061.77290751104
2025-05-21 09:00:00,39064.0205589809,39041.55,39128.54805215523,39067.65035314657
2025-05-21 10:00:00,39068.9567588751,39043.406,39129.90585359214,39069.35652170264
2025-05-21 11:00:00,38925.5790901753,39051.91,39128.549284979505,39074.90072299385
2025-05-21 12:00:00,39194.8205493437,39050.863,39129.904621887224,39074.57490219117
2025-05-21 13:00:00,39173.5725506258,39055.273,39128.550515566094,39077.25656091983
2025-05-21 14:00:00,39093.2747363845,39053.11,39129.90339241795,39076.14679897539
2025-05-21 15:00:00,39092.8173423057,39048.703,39128.55174391906,39072.65732005072
2025-05-21 16:00:00,38951.4861643158,39043.145,39129.902165180276,39069.17182142908
2025-05-21 17:00:00,39111.937918317,39037.64,39128.55297004245,39064.91354726274
2025-05-21 18:00:00,39126.9939327303,39047.79,39129.90094017014,39072.42145392604
2025-05-21 19:00:00,39084.8649657133,39042.484,39128.55419394033,39068.304539432094
2025-05-21 20:00:00,39210.0284274125,39046.395,39129.89971738351,39071.44647771505
2025-05-21 21:00:00,39096.4521667917,39051.145,39128.55541561672,39074.367405935016
2025-05-21 22:00:00,39009.4228216022,39056.133,39129.89849681635,39078.26251779491
2025-05-21 23:00:00,39158.9682435529,39057.434,39128.55663507566,39078.7701155227
2025-05-22 00:00:00,39240.4100769899,39048.67,39129.89727846462,39073.03949603938
2025-05-22 01:00:00,38996.5572278608,39042.586,39128.55785232118,39068.37790257135
2025-05-22 02:00:00,39038.1475497904,39034.57,39129.89606232431,39063.16803744729
2025-05-22 03:00:00,39147.2990008705,39034.508,39128.559067357295,39062.72201708219
2025-05-22 04:00:00,39206.1922923871,39027.918,39129.89484839141,39058.511423267424
2025-05-22 05:00:00,38985.1488955103,39032.402,39128.56028018801,39061.2497246814
2025-05-22 06:00:00,39062.279265812,39036.45,39129.893636661895,39064.48176287357
2025-05-22 07:00:00,39007.1929821241,39032.145,39128.56149081733,39061.0684472452
2025-05-22 08:00:00,39018.5565418123,39027.797,39129.892427131774,39058.424759389534
2025-05-22 09:00:00,39229.165245303506,39035.105,39128.56269924925,39063.14302852478
2025-05-22 10:00:00,39001.7922311828,39036.305,39129.89121979706,39064.37947531412
2025-05-22 11:00:00,39094.9505765814,39045.76,39128.563905487754,39070.602374771326
2025-05-22 12:00:00,39045.0608344458,39044.344,39129.89001465376,39070.00802002113
2025-05-22 13:00:00,39072.385099276704,39049.26,39128.56510953684,39073.05195473605
2025-05-22 14:00:00,39053.3532086443,39046.402,39129.888811697914,39071.447112259375
2025-05-22 15:00:00,39038.637053136,39043.64,39128.566311400464,39069.118721545135
2025-05-22 16:00:00,39004.6327431448,39038.6,39129.88761092553,39065.98776765266
2025-05-22 17:00:00,39168.8914356243,39033.855,39128.5675110826,39062.26947207478
2025-05-22 18:00:00,39104.9995842724,39044.81,39129.88641233265,39070.3311580748
2025-05-22 19:00:00,39022.3488057314,39037.984,39128.568708587205,39065.158503201164
2025-05-22 20:00:00,38995.297962057,39043.188,39129.885215915325,39069.1960335246
2025-05-22 21:00:00,39224.7278139775,39046.914,39128.56990391824,39071.41081492547
2025-05-22 22:00:00,39096.1344445561,39052.23,39129.884021669604,39075.525753375885
2025-05-22 23:00:00,39052.9909495379,39054.105,39128.571097079635,39076.44437599889
2025-05-23 00:00:00,39120.6562985722,39045.383,39129.882829591545,39070.73242700246
2025-05-23 01:00:00,39031.5060912306,39038.867,39128.57228807534,39065.7787176726
2025-05-23 02:00:00,39305.5829008422,39032.92,39129.88163967721,39062.00941377816
2025-05-23 03:00:00,39089.8344399621,39033.43,39128.57347690928,39061.97243369778
2025-05-23 04:00:00,39090.2316100942,39027.473,39129.88045192267,39058.194604326796
2025-05-23 05:00:00,39070.9994491794,39031.773,39128.57466358539,39060.812633450616
2025-05-23 06:00:00,39050.9466503028,39036.195,39129.87926632402,39064.2997173972
2025-05-23 07:00:00,39051.6335805616,39030.285,39128.575848107575,39059.77197318227
2025-05-23 08:00:00,39065.8384428071,39027.652,39129.87808287733,39058.3188936132
2025-05-23 09:00:00,39070.4367949598,39033.44,39128.57703047975,39061.98131226892
2025-05-23 10:00:00,38971.9305575468,39032.83,39129.8769015787,39061.941586098605
2025-05-23 11:00:00,39121.1516828376,39039.758,39128.57821070581,39066.403541336746
2025-05-23 12:00:00,39052.0556197716,39036.906,39129.87572242423,39064.79670110227
2025-05-23 13:00:00,39051.1898485251,39042.95,39128.57938878966,39068.6382697619
2025-05-23 14:00:00,38934.2827126508,39042.43,39129.87454541003,39068.66353549801
2025-05-23 15:00:00,39017.361480672,39041.496,39128.58056473518,39067.62104442055
2025-05-23 16:00:00,39053.4319075557,39037.066,39129.873370532216,39064.90732365967
2025-05-23 17:00:00,39167.9419306223,39033.344,39128.58173854626,39061.914365313874
2025-05-23 18:00:00,38962.6375115709,39043.89,39129.872197786906,39069.68431558607
2025-05-23 19:00:00,38840.340387948,39040.867,39128.58291022677,39067.18229494303
2025-05-23 20:00:00,39073.9868593034,39043.848,39129.87102717024,39069.65466752607
2025-05-23 21:00:00,39069.0774703002,39046.87,39128.58407978057,39071.38381768417
2025-05-23 22:00:00,39133.8147454713,39051.1,39129.869858678336,39074.7324419785
2025-05-23 23:00:00,39182.6304014235,39052.547,39128.58524721153,39075.35877728846
2025-05-24 00:00:00,39020.2900815989,39047.2,39129.86869230735,39071.99967019221
2025-05-24 01:00:00,38901.4008538595,39041.684,39128.5864125235,39067.75365813205
2025-05-24 02:00:00,39189.4559022562,39037.023,39129.86752805343,39064.87627404103
2025-05-24 03:00:00,38927.5314445595,39038.977,39128.587575720325,39065.8594758411
2025-05-24 04:00:00,39148.773988241104,39033.33,39129.866365912734,39062.28998789882
2025-05-24 05:00:00,39100.4284591136,39037.23,39128.58873680585,39064.63716791675
2025-05-24 06:00:00,38990.3900432838,39040.766,39129.865205881426,39067.49471801443
2025-05-24 07:00:00,38861.7892672324,39034.18,39128.589895783894,39062.50274998517
2025-05-24 08:00:00,39159.6278635973,39032.82,39129.86404795568,39061.933823761705
2025-05-24 09:00:00,39036.0599065125,39037.28,39128.5910526583,39064.67301892249
2025-05-24 10:00:00,39308.913249032,39035.977,39129.86289213167,39064.1424613895
2025-05-24 11:00:00,39044.3055939757,39040.19,39128.59220743288,39066.710474729865
2025-05-24 12:00:00,39248.8340922473,39037.59,39129.86173840558,39065.27102152167
2025-05-24 13:00:00,39171.5989056478,39039.797,39128.59336011144,39066.43542990843
2025-05-24 14:00:00,39263.8964869037,39041.13,39129.86058677361,39067.74723853209
2025-05-24 15:00:00,38972.7988531505,39039.61,39128.59451069778,39066.304915709334
2025-05-24 16:00:00,39074.4637963441,39034.906,39129.85943723196,39063.39142491959
2025-05-24 17:00:00,39135.2653630873,39034.867,39128.595659195715,39062.98494775871
2025-05-24 18:00:00,39054.416101662,39043.74,39129.85828977682,39069.574674433046
2025-05-24 19:00:00,39038.0070873519,39042.633,39128.59680560902,39068.42083855771
2025-05-24 20:00:00,39043.5191180546,39045.53,39129.857144404414,39070.82823707133
2025-05-24 21:00:00,39084.4231477497,39049.44,39128.59794994148,39073.18875998244
2025-05-24 22:00:00,38771.5519080792,39053.055,39129.85600111096,39076.09547220829
2025-05-24 23:00:00,38997.4410857095,39053.508,39128.599092196884,39076.03480578407
2025-05-25 00:00:00,39186.245308455,39049.63,39129.85485989268,39073.696692342804
2025-05-25 01:00:00,39059.9374808079,39043.14,39128.60023237899,39068.777335338695
2025-05-25 02:00:00,39011.4495612988,39038.57,39129.853720745814,39065.954163098744
2025-05-25 03:00:00,39052.2892337592,39039.055,39128.60137049156,39065.91830177247
2025-05-25 04:00:00,39157.335248075295,39035.11,39129.8525836666,39063.53194697498
2025-05-25 05:00:00,39070.407945164894,39038.543,39128.60250653836,39065.561220711505
2025-05-25 06:00:00,39039.347618034495,39040.94,39129.85144865129,39067.61363772039
2025-05-25 07:00:00,39086.6278823582,39035.727,39128.603640523135,39063.58890465694
2025-05-25 08:00:00,39014.5945356868,39035.375,39129.85031569612,39063.716813458836
2025-05-25 09:00:00,39187.0163469618,39039.19,39128.604772449624,39066.015025484885
2025-05-25 10:00:00,39085.1678053383,39038.145,39129.84918479737,39065.65592731421
2025-05-25 11:00:00,39046.9259875512,39041.92,39128.605902321564,39067.927473821466
2025-05-25 12:00:00,38969.7633138014,39037.52,39129.8480559513,39065.21808866039
2025-05-25 13:00:00,39008.4641762085,39039.117,39128.60703014269,39065.96296841781
2025-05-25 14:00:00,39021.7819766136,39042.523,39129.846929154184,39068.719703746254
2025-05-25 15:00:00,39099.0353191657,39038.758,39128.60815591672,39065.71330615001
2025-05-25 16:00:00,38966.3466797589,39034.098,39129.84580440231,39062.82092882069
2025-05-25 17:00:00,39093.9161311258,39034.34,39128.609279647375,39062.61989326921
2025-05-25 18:00:00,39019.2155515726,39043.492,39129.84468169195,39069.396763882585
2025-05-25 19:00:00,39156.1334738097,39041.207,39128.61040133836,39067.426870401505
2025-05-25 20:00:00,39191.298017136,39044.34,39129.843561019414,39069.990177680826
2025-05-25 21:00:00,39038.9860246926,39047.277,39128.61152099337,39071.67720629801
2025-05-25 22:00:00,39134.9438127059,39053.45,39129.84244238099,39076.3667952143
2025-05-25 23:00:00,39113.9709550361,39054.434,39128.61263861611,39076.68730720983
2025-05-26 00:00:00,39133.4029701306,39048.637,39129.841325773,39072.9973196069
2025-05-26 01:00:00,39173.835735653105,39042.836,39128.613754210266,39068.56850126308
2025-05-26 02:00:00,39243.8934955334,39035.645,39129.840211191746,39063.90323523252
2025-05-26 03:00:00,39042.0533404262,39034.324,39128.61486777952,39062.611804083856
2025-05-26 04:00:00,39212.6802506203,39029.664,39129.839098633565,39059.71540146507
2025-05-26 05:00:00,38988.7051597858,39031.535,39128.61597932756,39060.65901254827
2025-05-26 06:00:00,39126.4741648403,39035.55,39129.837988094776,39063.836162053434
2025-05-26 07:00:00,39212.6112885146,39031.98,39128.61708885803,39060.97184540741
2025-05-26 08:00:00,39113.5623282066,39031.82,39129.8368795717,39061.224501371515
2025-05-26 09:00:00,39109.7719783604,39038.297,39128.618196374606,39065.39209953738
2025-05-26 10:00:00,38990.7038402829,39041.11,39129.8357730607,39067.72612254321
2025-05-26 11:00:00,39066.8219156685,39049.43,39128.61930188094,39073.185399939284
2025-05-26 12:00:00,39013.0283524504,39047.832,39129.83466855811,39072.43282244243
2025-05-26 13:00:00,38987.9950526004,39055.23,39128.62040538069,39077.24627786421
2025-05-26 14:00:00,38890.5070742438,39053.13,39129.8335660603,39076.13952294309
2025-05-26 15:00:00,39029.5702283877,39049.242,39128.62150687748,39073.055202063246
2025-05-26 16:00:00,38903.8686209244,39044.895,39129.83246556361,39070.375520919086
2025-05-26 17:00:00,38998.6364103816,39038.023,39128.62260637497,39065.20201628749
2025-05-26 18:00:00,38981.2005930374,39047.777,39129.83136706443,39072.39276949433
2025-05-26 19:00:00,39034.656558175695,39043.01,39128.62370387677,39068.69453303803
2025-05-26 20:00:00,39105.7283467337,39044.977,39129.83027055911,39070.43150304273
2025-05-26 21:00:00,39139.979669223,39049.027,39128.62479938651,39072.90579919095
2025-05-26 22:00:00,39082.2667365474,39046.086,39129.829176044055,39071.208518438216
2025-05-26 23:00:00,39096.0386854294,39045.426,39128.6258929078,39070.38464287234
2025-05-27 00:00:00,39117.4937369054,39052.508,39129.82808351563,39075.70428442969
2025-05-27 01:00:00,38995.3929167182,39046.48,39128.62698444425,39071.123251583274
2025-05-27 02:00:00,39043.6022970063,39040.742,39129.826992970244,39067.46762914107
2025-05-27 03:00:00,39255.2440312036,39039.594,39128.62807399946,39066.30326594984
2025-05-27 04:00:00,39206.704182063906,39034.06,39129.82590440429,39062.787615071284
2025-05-27 05:00:00,39015.7431458834,39037.113,39128.62916157704,39064.567264098114
2025-05-27 06:00:00,38997.0042193694,39039.46,39129.82481781419,39066.57049221925
2025-05-27 07:00:00,39128.7885147991,39037.113,39128.63024718057,39064.567589779166
2025-05-27 08:00:00,39265.2753406551,39039.24,39129.82373319634,39066.4139168339
2025-05-27 09:00:00,39114.7861697912,39046.89,39128.63133081364,39071.41166486909
2025-05-27 10:00:00,38995.9824511794,39050.312,39129.82265054717,39074.16554516415
2025-05-27 11:00:00,38958.7084330478,39058.508,39128.63241247981,39079.54480186894
2025-05-27 12:00:00,39183.4786131315,39055.844,39129.8215698631,39078.03631470893
2025-05-27 13:00:00,39123.4116065488,39062.523,39128.63349218267,39082.3556726548
2025-05-27 14:00:00,39141.5563521204,39058.95,39129.82049114058,39080.20981921717
2025-05-27 15:00:00,39115.2610956684,39054.773,39128.63456992577,39076.932167852734
2025-05-27 16:00:00,39053.2548280699,39048.312,39129.81941437602,39072.7641836878
2025-05-27 17:00:00,38853.7002424772,39041.438,39128.63564571267,39067.5965530888
2025-05-27 18:00:00,39167.2521708643,39051.805,39129.818339565885,39075.20917374476
2025-05-27 19:00:00,39123.1764391108,39046.227,39128.63671954692,39070.948437739076
2025-05-27 20:00:00,38998.75168473,39050.53,39129.817266706625,39074.316273761986
2025-05-27 21:00:00,39075.012289198094,39055.69,39128.63779143207,39077.57571242962
2025-05-27 22:00:00,39302.1582221453,39056.14,39129.8161957947,39078.24368686341
2025-05-27 23:00:00,38978.8313036376,39057.984,39128.63886137165,39079.1795490365
2025-05-28 00:00:00,39153.6044286711,39051.164,39129.81512682657,39074.758991172974
2025-05-28 01:00:00,39007.6993931139,39045.316,39128.639929369194,39070.31268193576
2025-05-28 02:00:00,39139.4448384113,39038.57,39129.81405979872,39065.942264814614
2025-05-28 03:00:00,39030.6390439354,39037.742,39128.640995428235,39065.01222050347
2025-05-28 04:00:00,39053.1820239483,39030.81,39129.812994707616,39060.51030466228
2025-05-28 05:00:00,38950.3412851744,39037.2,39128.64205955228,39064.63168036568
2025-05-28 06:00:00,39070.9931105466,39041.35,39129.811931549746,39067.888891964925
2025-05-28 07:00:00,39016.6508741633,39036.06,39128.64312174485,39063.833170898455
2025-05-28 08:00:00,39080.0321534973,39032.574,39129.810870321606,39061.74404234648
2025-05-28 09:00:00,38893.9415590969,39041.55,39128.64418200945,39067.679192102834
2025-05-28 10:00:00,39035.0487628143,39043.406,39129.80981101969,39069.327708930905
2025-05-28 11:00:00,39142.3305530085,39051.91,39128.64524034957,39074.92950960487
2025-05-28 12:00:00,39079.5343003553,39050.863,39129.80875364049,39074.54614171715
2025-05-28 13:00:00,39064.5387872905,39055.273,39128.64629676871,39077.28529528061
2025-05-28 14:00:00,38992.4815008374,39053.11,39129.807698180535,39076.118090704156
2025-05-28 15:00:00,39049.8418002517,39048.703,39128.64735127036,39072.68600225611
2025-05-28 16:00:00,39058.9299572041,39043.145,39129.80664463633,39069.1431652659
2025-05-28 17:00:00,39158.4523176789,39037.64,39128.648403857995,39064.9421774074
2025-05-28 18:00:00,39115.5071095197,39047.79,39129.8055930044,39072.39284977632
2025-05-28 19:00:00,39136.0102009872,39042.484,39128.649454535094,39068.33311761053
2025-05-28 20:00:00,39057.991839549,39046.395,39129.80454328128,39071.417925484384
2025-05-28 21:00:00,39079.965632528,39051.145,39128.65050330512,39074.39593224153
2025-05-28 22:00:00,38982.0720926327,39056.133,39129.80349546349,39078.23401738905
2025-05-28 23:00:00,39115.590232991104,39057.434,39128.65155017153,39078.79859005146
2025-05-29 00:00:00,39128.2795101018,39048.67,39129.80244954759,39073.01104736428
2025-05-29 01:00:00,39143.4758482527,39042.586,39128.65259513779,39068.406325416334
2025-05-29 02:00:00,39093.1228588588,39034.57,39129.80140553011,39063.139640409034
2025-05-29 03:00:00,38944.230829280496,39034.508,39128.65363820734,39062.7503883372
2025-05-29 04:00:00,38898.7115813989,39027.918,39129.800363407616,39058.48307777228
2025-05-29 05:00:00,39045.8040634149,39032.402,39128.65467938363,39061.278044440085
2025-05-29 06:00:00,39228.4735021221,39036.45,39129.799323176674,39064.453468828004
2025-05-29 07:00:00,39037.7952632814,39032.145,39128.655718670096,39061.09671560103
2025-05-29 08:00:00,39045.5768990208,39027.797,39129.798284833836,39058.39651670015
2025-05-29 09:00:00,39097.3996745002,39035.105,39128.65675607016,39063.17124557105
2025-05-29 10:00:00,39090.2856757193,39036.305,39129.79724837568,39064.35128388771
2025-05-29 11:00:00,39187.6794900101,39045.76,39128.657791587255,39070.630540601174
2025-05-29 12:00:00,39142.1565665536,39044.344,39129.79621379879,39069.979879764636
2025-05-29 13:00:00,38883.731408657695,39049.26,39128.6588252248,39073.08006944244
2025-05-29 14:00:00,39181.0920138548,39046.402,39129.795181099755,39071.41902307993
2025-05-29 15:00:00,38997.2172917482,39043.64,39128.659856986196,39069.14678522086
2025-05-29 16:00:00,39053.8212133447,39038.6,39129.79415027516,39065.95972945755
2025-05-29 17:00:00,39232.3431472939,39033.855,39128.66088687486,39062.29748481246
2025-05-29 18:00:00,39251.1179557402,39044.81,39129.79312132159,39070.303170771476
2025-05-29 19:00:00,38978.0463395567,39037.984,39128.661914894175,39065.186465093255
2025-05-29 20:00:00,39079.0286244804,39043.188,39129.792094235665,39069.1680970207
2025-05-29 21:00:00,39067.0761960956,39046.914,39128.66294104755,39071.43872606427
2025-05-29 22:00:00,38870.2842557591,39052.23,39129.791069014,39075.4978675792
2025-05-29 23:00:00,39053.062921454,39054.105,39128.66396533837,39076.47223647651
2025-05-30 00:00:00,39064.1845450983,39045.383,39129.79004565319,39070.704591820955
2025-05-30 01:00:00,39221.3630402152,39038.867,39128.664987770004,39065.806527581
2025-05-30 02:00:00,39109.0944104148,39032.92,39129.789024149875,39061.98162911996
2025-05-30 03:00:00,39114.6886075524,39033.43,39128.666008345834,39062.00019312875
2025-05-30 04:00:00,39089.7275708904,39027.473,39129.78800450068,39058.166870100205
2025-05-30 05:00:00,39147.5743915802,39031.773,39128.667027069234,39060.84034249577
2025-05-30 06:00:00,39207.0183535555,39036.195,39129.78698670224,39064.27203351067
2025-05-30 07:00:00,39248.4288774609,39030.285,39128.66804394356,39059.79963193307
2025-05-30 08:00:00,39019.3339744323,39027.652,39129.78597075119,39058.291259975354
2025-05-30 09:00:00,39036.2777502036,39033.44,39128.66905897217,39062.00892081665
2025-05-30 10:00:00,39177.3687397815,39032.83,39129.78495664418,39061.91400261826
2025-05-30 11:00:00,39047.1764120923,39039.758,39128.67007215841,39066.431099772526
2025-05-30 12:00:00,39088.957780692,39036.906,39129.783944377865,39064.769167688355
2025-05-30 13:00:00,39098.5710871307,39042.95,39128.67108350564,39068.66577817669
2025-05-30 14:00:00,38980.2356783614,39042.43,39129.7829339489,39068.63605205967
2025-05-30 15:00:00,39037.5346164813,39041.496,39128.67209301717,39067.648502905155
2025-05-30 16:00:00,38908.223372622,39037.066,39129.781925353964,39064.87989010619
2025-05-30 17:00:00,39121.9992842614,39033.344,39128.67310069636,39061.94177395891
2025-05-30 18:00:00,38932.7830087733,39043.89,39129.780918589706,39069.65693182691
2025-05-30 19:00:00,39174.2404649863,39040.867,39128.67410654652,39067.20965383895
2025-05-30 20:00:00,39233.2658552749,39043.848,39129.77991365282,39069.627333470846
2025-05-30 21:00:00,38970.1885292629,39046.87,39128.67511057097,39071.41112692129
2025-05-30 22:00:00,38974.2783621716,39051.1,39129.77891053998,39074.70515753699
2025-05-30 23:00:00,39049.9012058629,39052.547,39128.67611277303,39075.38603695691
2025-05-31 00:00:00,39207.0183535555,39047.2,39129.777909247874,39071.972435274365
