id,hourly_pow,may_bill,may_carbon,agg_pow
2025-05-10 00:00:00,39072.258992385100,7033006.618629320000,16566.637812771300,19731048.8879453
2025-05-10 01:00:00,39092.6051576128,7036668.9283703000,16575.2645868278,19731048.8879453
2025-05-10 02:00:00,38988.3500437777,7017903.0078799900,16531.0604185617,19731048.8879453
2025-05-10 03:00:00,38851.4066144383,6993253.1905988900,16472.9964045218,19731048.8879453
2025-05-10 04:00:00,39227.0699734741,7060872.5952253400,16632.2776687530,19731048.8879453
2025-05-10 05:00:00,39055.1286915941,7029923.1644869400,16559.3745652359,19731048.8879453
2025-05-10 06:00:00,39022.7928290399,7024102.7092271800,16545.6641595129,19731048.8879453
2025-05-10 07:00:00,38995.7641775154,7019237.5519527700,16534.2040112665,19731048.8879453
2025-05-10 08:00:00,39000.0262492471,7020004.7248644800,16536.0111296808,19731048.8879453
2025-05-10 09:00:00,39022.5177712125,7024053.1988182500,16545.5475349941,19731048.8879453
2025-05-10 10:00:00,39083.4651819905,7035023.7327582900,16571.3892371640,19731048.8879453
2025-05-10 11:00:00,39064.4948052235,7031609.0649402300,16563.3457974148,19731048.8879453
2025-05-10 12:00:00,39148.1905843614,7046674.3051850500,16598.8328077692,19731048.8879453
2025-05-10 13:00:00,39095.8410920751,7037251.3965735200,16576.6366230398,19731048.8879453
2025-05-10 14:00:00,38974.0412251802,7015327.4205324400,16524.9934794764,19731048.8879453
2025-05-10 15:00:00,38983.6489419711,7017056.8095548000,16529.0671513957,19731048.8879453
2025-05-10 16:00:00,39199.9646203316,7055993.6316596900,16620.7849990206,19731048.8879453
2025-05-10 17:00:00,39026.4152952725,7024754.7531490500,16547.2000851955,19731048.8879453
2025-05-10 18:00:00,39076.0588155053,7033690.5867909500,16568.2489377742,19731048.8879453
2025-05-10 19:00:00,39020.0127629461,7023602.2973303000,16544.4854114891,19731048.8879453
2025-05-10 20:00:00,39208.7508946953,7057575.1610451500,16624.5103793508,19731048.8879453
2025-05-10 21:00:00,38914.1112412528,7004540.0234255000,16499.5831662912,19731048.8879453
2025-05-10 22:00:00,38992.9878147366,7018737.8066525900,16533.0268334483,19731048.8879453
2025-05-10 23:00:00,39274.6282360852,7069433.0824953400,16652.4423721001,19731048.8879453
2025-05-11 00:00:00,39091.585012223700,7036485.302200270000,16574.832045182800,19731048.8879453
2025-05-11 01:00:00,39094.0912410583,7036936.4233904900,16575.8946862087,19731048.8879453
2025-05-11 02:00:00,39195.3989183794,7055171.8053082900,16618.8491413929,19731048.8879453
2025-05-11 03:00:00,39003.4595828825,7020622.7249188500,16537.4668631422,19731048.8879453
2025-05-11 04:00:00,38884.6000648838,6999228.0116790800,16487.0704275107,19731048.8879453
2025-05-11 05:00:00,39042.6182970814,7027671.2934746500,16554.0701579625,19731048.8879453
2025-05-11 06:00:00,39115.8865536721,7040859.5796609800,16585.1358987570,19731048.8879453
2025-05-11 07:00:00,38938.48960915,7008928.12964700,16509.91959428,19731048.8879453
2025-05-11 08:00:00,39153.7508413798,7047675.1514483600,16601.1903567450,19731048.8879453
2025-05-11 09:00:00,38943.5025661425,7009830.4619056500,16512.0450880444,19731048.8879453
2025-05-11 10:00:00,38973.53681148390,7015236.62606710000,16524.77960806920,19731048.8879453
2025-05-11 11:00:00,39035.6981744698,7026425.6714045600,16551.1360259752,19731048.8879453
2025-05-11 12:00:00,39276.3154913692,7069736.7884464600,16653.1577683405,19731048.8879453
2025-05-11 13:00:00,39129.1714958254,7043250.8692485700,16590.7687142300,19731048.8879453
2025-05-11 14:00:00,39061.1430970894,7031005.7574760900,16561.9246731659,19731048.8879453
2025-05-11 15:00:00,39048.8623081072,7028795.2154593000,16556.7176186375,19731048.8879453
2025-05-11 16:00:00,39061.1605456672,7031008.8982201000,16561.9320713629,19731048.8879453
2025-05-11 17:00:00,39050.2368066492,7029042.6251968600,16557.3004060193,19731048.8879453
2025-05-11 18:00:00,39098.8888093663,7037799.9856859300,16577.9288551713,19731048.8879453
2025-05-11 19:00:00,39142.6075942594,7045669.3669666900,16596.4656199660,19731048.8879453
2025-05-11 20:00:00,38930.0315566828,7007405.6802029000,16506.3333800335,19731048.8879453
2025-05-11 21:00:00,38964.5611964715,7013621.0153648700,16520.9739473039,19731048.8879453
2025-05-11 22:00:00,39067.9852420344,7032237.3435661900,16564.8257426226,19731048.8879453
2025-05-11 23:00:00,39182.0097286021,7052761.7511483800,16613.1721249273,19731048.8879453
2025-05-12 00:00:00,39029.330372858,7025279.467114440,16548.436078092,19731048.8879453
2025-05-12 01:00:00,38979.3847203748,7016289.2496674600,16527.2591214389,19731048.8879453
2025-05-12 02:00:00,39082.64769254,7034876.58465720,16571.04262164,19731048.8879453
2025-05-12 03:00:00,39078.1039608162,7034058.7129469200,16569.1160793861,19731048.8879453
2025-05-12 04:00:00,39038.0359371467,7026846.4686864100,16552.1272373502,19731048.8879453
2025-05-12 05:00:00,39129.5827163624,7043324.8889452300,16590.9430717377,19731048.8879453
2025-05-12 06:00:00,39031.811344252,7025726.041965360,16549.488009963,19731048.8879453
2025-05-12 07:00:00,39092.3392124369,7036621.0582386400,16575.1518260732,19731048.8879453
2025-05-12 08:00:00,39323.0987486267,7078157.7747528100,16672.9938694177,19731048.8879453
2025-05-12 09:00:00,39043.589564260300,7027846.121566850000,16554.481975246400,19731048.8879453
2025-05-12 10:00:00,38931.8807314403,7007738.5316592500,16507.1174301307,19731048.8879453
2025-05-12 11:00:00,39080.121920743500,7034421.945733830000,16569.971694395200,19731048.8879453
2025-05-12 12:00:00,39089.2742130089,7036069.3583416000,16573.8522663158,19731048.8879453
2025-05-12 13:00:00,38941.2110879682,7009417.9958342800,16511.0735012985,19731048.8879453
2025-05-12 14:00:00,39091.8242435993,7036528.3638478700,16574.9334792861,19731048.8879453
2025-05-12 15:00:00,39064.8791177788,7031678.2412001800,16563.5087459382,19731048.8879453
2025-05-12 16:00:00,39145.1332412251,7046123.9834205200,16597.5364942794,19731048.8879453
2025-05-12 17:00:00,38997.213990666,7019498.518319880,16534.818732042,19731048.8879453
2025-05-12 18:00:00,38908.0772789255,7003453.9102065900,16497.0247662644,19731048.8879453
2025-05-12 19:00:00,39203.660653540900,7056658.917637360000,16622.352117101300,19731048.8879453
2025-05-12 20:00:00,39159.9366257524,7048788.5926354300,16603.8131293190,19731048.8879453
2025-05-12 21:00:00,39005.4489426766,7020980.8096817900,16538.3103516949,19731048.8879453
2025-05-12 22:00:00,39089.50390176,7036110.70231680,16573.94965435,19731048.8879453
2025-05-12 23:00:00,38882.167846869,6998790.212436420,16486.039167073,19731048.8879453
2025-05-13 00:00:00,39209.6174565372,7057731.1421767000,16624.8778015718,19731048.8879453
2025-05-13 01:00:00,39235.6757008286,7062421.6261491500,16635.9264971513,19731048.8879453
2025-05-13 02:00:00,39052.0911688217,7029376.4103879100,16558.0866555804,19731048.8879453
2025-05-13 03:00:00,39007.4432540942,7021339.7857369600,16539.1559397359,19731048.8879453
2025-05-13 04:00:00,38928.0453037896,7007048.1546821300,16505.4912088068,19731048.8879453
2025-05-13 05:00:00,39023.6677961586,7024260.2033085500,16546.0351455712,19731048.8879453
2025-05-13 06:00:00,39047.7105493994,7028587.8988918900,16556.2292729453,19731048.8879453
2025-05-13 07:00:00,39061.4401944957,7031059.2350092300,16562.0506424662,19731048.8879453
2025-05-13 08:00:00,38987.4523574456,7017741.4243402100,16530.6797995569,19731048.8879453
2025-05-13 09:00:00,38936.0805541917,7008494.4997545100,16508.8981549773,19731048.8879453
2025-05-13 10:00:00,39217.0191488009,7059063.4467841600,16628.0161190916,19731048.8879453
2025-05-13 11:00:00,38926.2879074419,7006731.8233395400,16504.7460727554,19731048.8879453
2025-05-13 12:00:00,39139.1797115709,7045052.3480827600,16595.0121977061,19731048.8879453
2025-05-13 13:00:00,39053.2775472833,7029589.9585109900,16558.5896800481,19731048.8879453
2025-05-13 14:00:00,39177.092780398,7051876.700471640,16611.087338889,19731048.8879453
2025-05-13 15:00:00,38924.7639725108,7006457.5150519400,16504.0999243446,19731048.8879453
2025-05-13 16:00:00,38952.29531784,7011413.15721120,16515.77321476,19731048.8879453
2025-05-13 17:00:00,38984.379119182,7017188.241452760,16529.376746533,19731048.8879453
2025-05-13 18:00:00,39056.1213603276,7030101.8448589700,16559.7954567789,19731048.8879453
2025-05-13 19:00:00,38934.6717271679,7008240.9108902200,16508.3008123192,19731048.8879453
2025-05-13 20:00:00,39147.1361659709,7046484.5098747600,16598.3857343717,19731048.8879453
2025-05-13 21:00:00,39036.6496906354,7026596.9443143700,16551.5394688294,19731048.8879453
2025-05-13 22:00:00,39165.4694338555,7049784.4980939900,16606.1590399547,19731048.8879453
2025-05-13 23:00:00,39103.8650244807,7038695.7044065300,16580.0387703798,19731048.8879453
2025-05-14 00:00:00,38974.876232559,7015477.721860620,16525.347522605,19731048.8879453
2025-05-14 01:00:00,38994.1450243912,7018946.1043904200,16533.5174903419,19731048.8879453
2025-05-14 02:00:00,39178.5629825863,7052141.3368655300,16611.7107046166,19731048.8879453
2025-05-14 03:00:00,38928.318128532,7007097.263135760,16505.606886498,19731048.8879453
2025-05-14 04:00:00,39066.6179420711,7031991.2295728000,16564.2460074381,19731048.8879453
2025-05-14 05:00:00,39048.0569549886,7028650.2518979500,16556.3761489152,19731048.8879453
2025-05-14 06:00:00,39082.0919733672,7034776.5552061000,16570.8069967077,19731048.8879453
2025-05-14 07:00:00,38889.6926778242,7000144.6820083600,16489.2296953975,19731048.8879453
2025-05-14 08:00:00,39014.4348909087,7022598.2803635700,16542.1203937453,19731048.8879453
2025-05-14 09:00:00,39135.5685494647,7044402.3389036500,16593.4810649730,19731048.8879453
2025-05-14 10:00:00,39210.000174031700,7057800.031325710000,16625.040073789400,19731048.8879453
2025-05-14 11:00:00,39111.679518472,7040102.313324960,16583.352115832,19731048.8879453
2025-05-14 12:00:00,39158.0341066147,7048446.1391906500,16603.0064612046,19731048.8879453
2025-05-14 13:00:00,39024.5876330302,7024425.7739454400,16546.4251564048,19731048.8879453
2025-05-14 14:00:00,39017.1617790634,7023089.1202314100,16543.2765943229,19731048.8879453
2025-05-14 15:00:00,39037.7586739743,7026796.5613153700,16552.0096777651,19731048.8879453
2025-05-14 16:00:00,39106.9967806695,7039259.4205205100,16581.3666350039,19731048.8879453
2025-05-14 17:00:00,38977.1665456455,7015889.9782161900,16526.3186153537,19731048.8879453
2025-05-14 18:00:00,39251.7927080568,7065322.6874502200,16642.7601082161,19731048.8879453
2025-05-14 19:00:00,39144.0589053801,7045930.6029684200,16597.0809758812,19731048.8879453
2025-05-14 20:00:00,39063.8832173134,7031498.9791164100,16563.0864841409,19731048.8879453
2025-05-14 21:00:00,39098.8420394105,7037791.5670938900,16577.9090247101,19731048.8879453
2025-05-14 22:00:00,39091.7185812257,7036509.3446206300,16574.8886784397,19731048.8879453
2025-05-14 23:00:00,39088.8667790075,7035996.0202213500,16573.6795142992,19731048.8879453
2025-05-15 00:00:00,39124.6218831818,7042431.9389727200,16588.8396784691,19731048.8879453
2025-05-15 01:00:00,39051.2778265292,7029230.0087752600,16557.7417984484,19731048.8879453
2025-05-15 02:00:00,39092.1171661074,7036581.0898993300,16575.0576784295,19731048.8879453
2025-05-15 03:00:00,38986.7519038454,7017615.3426921700,16530.3828072304,19731048.8879453
2025-05-15 04:00:00,39061.8413453447,7031131.4421620500,16562.2207304262,19731048.8879453
2025-05-15 05:00:00,39143.8732819166,7045897.1907449900,16597.0022715326,19731048.8879453
2025-05-15 06:00:00,39153.0357270906,7047546.4308763100,16600.8871482864,19731048.8879453
2025-05-15 07:00:00,39083.4240016824,7035016.3203028300,16571.3717767133,19731048.8879453
2025-05-15 08:00:00,39132.5092506453,7043851.6651161500,16592.1839222736,19731048.8879453
2025-05-15 09:00:00,38988.6660738618,7017959.8932951200,16531.1944153174,19731048.8879453
2025-05-15 10:00:00,39171.1661864657,7050809.9135638300,16608.5744630615,19731048.8879453
2025-05-15 11:00:00,39118.8090933681,7041385.6368062600,16586.3750555881,19731048.8879453
2025-05-15 12:00:00,39106.9853933226,7039257.3707980700,16581.3618067688,19731048.8879453
2025-05-15 13:00:00,39071.0920597948,7032796.5707630600,16566.1430333530,19731048.8879453
2025-05-15 14:00:00,39159.2274894736,7048660.9481052500,16603.5124555368,19731048.8879453
2025-05-15 15:00:00,39015.6378857426,7022814.8194336700,16542.6304635549,19731048.8879453
2025-05-15 16:00:00,38936.8933694206,7008640.8064957100,16509.2427886343,19731048.8879453
2025-05-15 17:00:00,39085.1298012817,7035323.3642307100,16572.0950357434,19731048.8879453
2025-05-15 18:00:00,39171.1839540557,7050813.1117300300,16608.5819965196,19731048.8879453
2025-05-15 19:00:00,38967.4058278513,7014133.0490132300,16522.1800710090,19731048.8879453
2025-05-15 20:00:00,39050.6191357811,7029111.4444406000,16557.4625135712,19731048.8879453
2025-05-15 21:00:00,39084.9224711216,7035286.0448018900,16572.0071277556,19731048.8879453
2025-05-15 22:00:00,39063.481997114,7031426.759480520,16562.916366776,19731048.8879453
2025-05-15 23:00:00,39163.3648690633,7049405.6764313900,16605.2667044828,19731048.8879453
2025-05-16 00:00:00,39173.0071362576,7051141.2845263700,16609.3550257732,19731048.8879453
2025-05-16 01:00:00,39024.850290994,7024473.052378920,16546.536523382,19731048.8879453
2025-05-16 02:00:00,39089.5593960048,7036120.6912808600,16573.9731839060,19731048.8879453
2025-05-16 03:00:00,39333.8255877951,7080088.6058031200,16677.5420492251,19731048.8879453
2025-05-16 04:00:00,38989.7125446887,7018148.2580439700,16531.6381189480,19731048.8879453
2025-05-16 05:00:00,39109.0212318006,7039623.8217241100,16582.2250022835,19731048.8879453
2025-05-16 06:00:00,39105.7435483564,7039033.8387041500,16580.8352645031,19731048.8879453
2025-05-16 07:00:00,39058.007845637,7030441.412214660,16560.595326550,19731048.8879453
2025-05-16 08:00:00,38996.7440718926,7019413.9329406700,16534.6194864825,19731048.8879453
2025-05-16 09:00:00,39031.195539833500,7025615.197170030000,16549.226908889400,19731048.8879453
2025-05-16 10:00:00,39311.1638381702,7076009.4908706400,16667.9334673842,19731048.8879453
2025-05-16 11:00:00,38953.8096407962,7011685.7353433200,16516.4152876976,19731048.8879453
2025-05-16 12:00:00,38958.0943762611,7012456.9877270000,16518.2320155347,19731048.8879453
2025-05-16 13:00:00,39067.0360421745,7032066.4875914100,16564.4232818820,19731048.8879453
2025-05-16 14:00:00,39061.8498477121,7031132.9725881800,16562.2243354299,19731048.8879453
2025-05-16 15:00:00,39001.392287032,7020250.611665760,16536.590329702,19731048.8879453
2025-05-16 16:00:00,38903.5409954419,7002637.3791795400,16495.1013820674,19731048.8879453
2025-05-16 17:00:00,38918.6390084989,7005355.0215298000,16501.5029396035,19731048.8879453
2025-05-16 18:00:00,39085.7526100975,7035435.4698175500,16572.3591066813,19731048.8879453
2025-05-16 19:00:00,39171.919831875,7050945.569737500,16608.894008715,19731048.8879453
2025-05-16 20:00:00,38810.7776425707,6985939.9756627300,16455.7697204500,19731048.8879453
2025-05-16 21:00:00,39016.2245352242,7022920.4163403600,16542.8792029351,19731048.8879453
2025-05-16 22:00:00,39126.6163194303,7042790.9374974500,16589.6853194384,19731048.8879453
2025-05-16 23:00:00,39040.4080283054,7027273.4450949700,16553.1330040015,19731048.8879453
2025-05-17 00:00:00,39130.7250434065,7043530.5078131700,16591.4274184044,19731048.8879453
2025-05-17 01:00:00,39130.7044324473,7043526.7978405100,16591.4186793577,19731048.8879453
2025-05-17 02:00:00,39057.8714055257,7030416.8529946300,16560.5374759429,19731048.8879453
2025-05-17 03:00:00,39187.4180387445,7053735.2469740100,16615.4652484277,19731048.8879453
2025-05-17 04:00:00,39099.3496987087,7037882.9457675700,16578.1242722525,19731048.8879453
2025-05-17 05:00:00,39066.9186179615,7032045.3512330700,16564.3734940157,19731048.8879453
2025-05-17 06:00:00,38958.9648494694,7012613.6729044900,16518.6010961750,19731048.8879453
2025-05-17 07:00:00,39022.0348422912,7023966.2716124200,16545.3427731315,19731048.8879453
2025-05-17 08:00:00,39201.4557663613,7056262.0379450300,16621.4172449372,19731048.8879453
2025-05-17 09:00:00,39137.6191318523,7044771.4437334100,16594.3505119054,19731048.8879453
2025-05-17 10:00:00,39176.9665070652,7051853.9712717400,16611.0337989956,19731048.8879453
2025-05-17 11:00:00,38975.5828722209,7015604.9169997600,16525.6471378217,19731048.8879453
2025-05-17 12:00:00,39076.9779033919,7033856.0226105400,16568.6386310382,19731048.8879453
2025-05-17 13:00:00,39089.2987630747,7036073.7773534500,16573.8626755437,19731048.8879453
2025-05-17 14:00:00,38952.4912051728,7011448.4169311000,16515.8562709933,19731048.8879453
2025-05-17 15:00:00,39038.2911746103,7026892.4114298500,16552.2354580348,19731048.8879453
2025-05-17 16:00:00,38910.3845135262,7003869.2124347200,16498.0030337351,19731048.8879453
2025-05-17 17:00:00,39141.9717198153,7045554.9095667500,16596.1960092017,19731048.8879453
2025-05-17 18:00:00,39118.8174292943,7041387.1372729700,16586.3785900208,19731048.8879453
2025-05-17 19:00:00,39032.3390319655,7025821.0257537900,16549.7117495534,19731048.8879453
2025-05-17 20:00:00,39339.2117612679,7081058.1170282200,16679.8257867776,19731048.8879453
2025-05-17 21:00:00,38995.1496907557,7019126.9443360300,16533.9434688804,19731048.8879453
2025-05-17 22:00:00,38988.0527799303,7017849.5003874500,16530.9343786904,19731048.8879453
2025-05-17 23:00:00,39031.3617312957,7025645.1116332300,16549.2973740694,19731048.8879453
2025-05-18 00:00:00,39170.1173993332,7050621.1318799800,16608.1297773173,19731048.8879453
2025-05-18 01:00:00,39061.7769187596,7031119.8453767300,16562.1934135541,19731048.8879453
2025-05-18 02:00:00,39114.3190666469,7040577.4319964400,16584.4712842583,19731048.8879453
2025-05-18 03:00:00,39330.4640318945,7079483.5257410100,16676.1167495233,19731048.8879453
2025-05-18 04:00:00,38924.4815774037,7006406.6839326700,16503.9801888192,19731048.8879453
2025-05-18 05:00:00,39115.3145648795,7040756.6216783100,16584.8933755089,19731048.8879453
2025-05-18 06:00:00,39029.5022233185,7025310.4001973300,16548.5089426870,19731048.8879453
2025-05-18 07:00:00,39058.7910759562,7030582.3936721200,16560.9274162054,19731048.8879453
2025-05-18 08:00:00,39052.74840321,7029494.71257780,16558.36532296,19731048.8879453
2025-05-18 09:00:00,38951.860989727,7011334.978150860,16515.589059644,19731048.8879453
2025-05-18 10:00:00,39042.8930358967,7027720.7464614100,16554.1866472202,19731048.8879453
2025-05-18 11:00:00,39183.6294504001,7053053.3010720200,16613.8588869696,19731048.8879453
2025-05-18 12:00:00,39140.4273403661,7045276.9212659000,16595.5411923152,19731048.8879453
2025-05-18 13:00:00,39194.8080523893,7055065.4494300700,16618.5986142131,19731048.8879453
2025-05-18 14:00:00,38991.1011491159,7018398.2068408600,16532.2268872251,19731048.8879453
2025-05-18 15:00:00,39117.6137409558,7041170.4733720400,16585.8682261653,19731048.8879453
2025-05-18 16:00:00,39091.3940349041,7036450.9262827400,16574.7510707993,19731048.8879453
2025-05-18 17:00:00,38991.6736927123,7018501.2646882100,16532.4696457100,19731048.8879453
2025-05-18 18:00:00,39254.3607281587,7065784.9310685700,16643.8489487393,19731048.8879453
2025-05-18 19:00:00,39164.658310778,7049638.495940040,16605.815123770,19731048.8879453
2025-05-18 20:00:00,38999.5355114632,7019916.3920633800,16535.8030568604,19731048.8879453
2025-05-18 21:00:00,39051.7487439493,7029314.7739108700,16557.9414674345,19731048.8879453
2025-05-18 22:00:00,39132.2137344296,7043798.4721973300,16592.0586233982,19731048.8879453
2025-05-18 23:00:00,39059.8257710735,7030768.6387932300,16561.3661269352,19731048.8879453
2025-05-19 00:00:00,39045.7105235032,7028227.8942305800,16555.3812619654,19731048.8879453
2025-05-19 01:00:00,39180.636533849,7052514.576092820,16612.589890352,19731048.8879453
2025-05-19 02:00:00,38934.7617995561,7008257.1239201000,16508.3390030118,19731048.8879453
2025-05-19 03:00:00,39085.6345756004,7035414.2236080700,16572.3090600546,19731048.8879453
2025-05-19 04:00:00,39039.6571985251,7027138.2957345200,16552.8146521746,19731048.8879453
2025-05-19 05:00:00,39183.8780440889,7053098.0479360000,16613.9642906937,19731048.8879453
2025-05-19 06:00:00,39111.9289721066,7040147.2149791900,16583.4578841732,19731048.8879453
2025-05-19 07:00:00,39006.4982568726,7021169.6862370700,16538.7552609140,19731048.8879453
2025-05-19 08:00:00,39073.2083170759,7033177.4970736600,16567.0403264402,19731048.8879453
2025-05-19 09:00:00,39018.4897711814,7023328.1588126500,16543.8396629809,19731048.8879453
2025-05-19 10:00:00,39158.2717845397,7048488.9212171500,16603.1072366448,19731048.8879453
2025-05-19 11:00:00,39048.7054789581,7028766.9862124600,16556.6511230782,19731048.8879453
2025-05-19 12:00:00,39030.1386664364,7025424.9599585500,16548.7787945690,19731048.8879453
2025-05-19 13:00:00,39115.301013798,7040754.182483640,16584.887629850,19731048.8879453
2025-05-19 14:00:00,39089.5127508798,7036112.2951583600,16573.9534063730,19731048.8879453
2025-05-19 15:00:00,39112.3249216704,7040218.4859006700,16583.6257667882,19731048.8879453
2025-05-19 16:00:00,39156.3560055925,7048144.0810066500,16602.2949463712,19731048.8879453
2025-05-19 17:00:00,39147.35793489850,7046524.42828173000,16598.47976439700,19731048.8879453
2025-05-19 18:00:00,39041.7654111518,7027517.7740073200,16553.7085343284,19731048.8879453
2025-05-19 19:00:00,38948.283615169,7010691.050730420,16514.072252832,19731048.8879453
2025-05-19 20:00:00,39031.2683162149,7025628.2969186800,16549.2577660751,19731048.8879453
2025-05-19 21:00:00,38961.4870150416,7013067.6627074900,16519.6704943776,19731048.8879453
2025-05-19 22:00:00,39173.1678212927,7051170.2078326900,16609.4231562281,19731048.8879453
2025-05-19 23:00:00,39162.1295707814,7049183.3227406500,16604.7429380113,19731048.8879453
2025-05-20 00:00:00,38941.3600805143,7009444.8144925700,16511.1366741381,19731048.8879453
2025-05-20 01:00:00,39011.6414679148,7022095.4642246600,16540.9359823959,19731048.8879453
2025-05-20 02:00:00,39071.5791913544,7032884.2544437900,16566.3495771343,19731048.8879453
2025-05-20 03:00:00,39025.0119053254,7024502.1429585700,16546.6050478580,19731048.8879453
2025-05-20 04:00:00,39109.0143661042,7039622.5858987600,16582.2220912282,19731048.8879453
2025-05-20 05:00:00,39173.2932069394,7051192.7772490900,16609.4763197423,19731048.8879453
2025-05-20 06:00:00,39220.3092043686,7059655.6567863500,16629.4111026523,19731048.8879453
2025-05-20 07:00:00,39085.5142247977,7035392.5604635900,16572.2580313142,19731048.8879453
2025-05-20 08:00:00,39123.1098904014,7042159.7802722500,16588.1985935302,19731048.8879453
2025-05-20 09:00:00,38911.325100058,7004038.518010440,16498.401842425,19731048.8879453
2025-05-20 10:00:00,38969.1690080281,7014450.4214450600,16522.9276594039,19731048.8879453
2025-05-20 11:00:00,39031.0251041225,7025584.5187420500,16549.1546441479,19731048.8879453
2025-05-20 12:00:00,39086.5127744509,7035572.2994011600,16572.6814163672,19731048.8879453
2025-05-20 13:00:00,38956.2581700412,7012126.4706074200,16517.4534640975,19731048.8879453
2025-05-20 14:00:00,39058.7437928069,7030573.8827052400,16560.9073681501,19731048.8879453
2025-05-20 15:00:00,39126.4053275654,7042752.9589617700,16589.5958588877,19731048.8879453
2025-05-20 16:00:00,39118.9425791495,7041409.6642469100,16586.4316535594,19731048.8879453
2025-05-20 17:00:00,38943.2054548661,7009776.9818759000,16511.9191128632,19731048.8879453
2025-05-20 18:00:00,39008.3142682362,7021496.5682825200,16539.5252497321,19731048.8879453
2025-05-20 19:00:00,38842.1583688649,6991588.5063956800,16469.0751483987,19731048.8879453
2025-05-20 20:00:00,39158.8717631814,7048596.9173726500,16603.3616275889,19731048.8879453
2025-05-20 21:00:00,39094.4403790561,7036999.2682301000,16576.0427207198,19731048.8879453
2025-05-20 22:00:00,39004.0252191722,7020724.5394510000,16537.7066929290,19731048.8879453
2025-05-20 23:00:00,39018.3247448069,7023298.4540652400,16543.7696917981,19731048.8879453
2025-05-21 00:00:00,39151.6023777412,7047288.4279934200,16600.2794081623,19731048.8879453
2025-05-21 01:00:00,39252.4028950874,7065432.5211157300,16643.0188275171,19731048.8879453
2025-05-21 02:00:00,39135.108783599900,7044319.581047980000,16593.286124246400,19731048.8879453
2025-05-21 03:00:00,38974.4552058658,7015401.9370558400,16525.1690072871,19731048.8879453
2025-05-21 04:00:00,39228.4016411669,7061112.2954100400,16632.8422958548,19731048.8879453
2025-05-21 05:00:00,39077.9724029778,7034035.0325360000,16569.0602988626,19731048.8879453
2025-05-21 06:00:00,39048.1167905727,7028661.0223030900,16556.4015192028,19731048.8879453
2025-05-21 07:00:00,38975.6242605804,7015612.3669044700,16525.6646864861,19731048.8879453
2025-05-21 08:00:00,39006.4326929399,7021157.8847291800,16538.7274618065,19731048.8879453
2025-05-21 09:00:00,39064.0205589809,7031523.7006165600,16563.1447170079,19731048.8879453
2025-05-21 10:00:00,39068.9567588751,7032412.2165975200,16565.2376657630,19731048.8879453
2025-05-21 11:00:00,38925.5790901753,7006604.2362315500,16504.4455342343,19731048.8879453
2025-05-21 12:00:00,39194.8205493437,7055067.6988818700,16618.6039129217,19731048.8879453
2025-05-21 13:00:00,39173.5725506258,7051243.0591126400,16609.5947614653,19731048.8879453
2025-05-21 14:00:00,39093.2747363845,7036789.4525492100,16575.5484882270,19731048.8879453
2025-05-21 15:00:00,39092.8173423057,7036707.1216150300,16575.3545531376,19731048.8879453
2025-05-21 16:00:00,38951.4861643158,7011267.5095768400,16515.4301336699,19731048.8879453
2025-05-21 17:00:00,39111.937918317,7040148.825297060,16583.461677366,19731048.8879453
2025-05-21 18:00:00,39126.9939327303,7042858.9078914500,16589.8454274776,19731048.8879453
2025-05-21 19:00:00,39084.8649657133,7035275.6938283900,16571.9827454624,19731048.8879453
2025-05-21 20:00:00,39210.0284274125,7057805.1169342500,16625.0520532229,19731048.8879453
2025-05-21 21:00:00,39096.45216679170,7037361.39002251000,16576.89571871970,19731048.8879453
2025-05-21 22:00:00,39009.4228216022,7021696.1078884000,16539.9952763593,19731048.8879453
2025-05-21 23:00:00,39158.9682435529,7048614.2838395200,16603.4025352664,19731048.8879453
2025-05-22 00:00:00,39240.4100769899,7063273.8138581800,16637.9338726437,19731048.8879453
2025-05-22 01:00:00,38996.5572278608,7019380.3010149400,16534.5402646130,19731048.8879453
2025-05-22 02:00:00,39038.1475497904,7026866.5589622700,16552.1745611111,19731048.8879453
2025-05-22 03:00:00,39147.2990008705,7046513.8201566900,16598.4547763691,19731048.8879453
2025-05-22 04:00:00,39206.1922923871,7057114.6126296800,16623.4255319721,19731048.8879453
2025-05-22 05:00:00,38985.1488955103,7017326.8011918500,16529.7031316964,19731048.8879453
2025-05-22 06:00:00,39062.279265812,7031210.267846160,16562.406408704,19731048.8879453
2025-05-22 07:00:00,39007.1929821241,7021294.7367823400,16539.0498244206,19731048.8879453
2025-05-22 08:00:00,39018.5565418123,7023340.1775262100,16543.8679737284,19731048.8879453
2025-05-22 09:00:00,39229.165245303500,7061249.744154630000,16633.166064008700,19731048.8879453
2025-05-22 10:00:00,39001.7922311828,7020322.6016129000,16536.7599060215,19731048.8879453
2025-05-22 11:00:00,39094.9505765814,7037091.1037846500,16576.2590444705,19731048.8879453
2025-05-22 12:00:00,39045.0608344458,7028110.9502002400,16555.1057938050,19731048.8879453
2025-05-22 13:00:00,39072.385099276700,7033029.317869810000,16566.691282093300,19731048.8879453
2025-05-22 14:00:00,39053.3532086443,7029603.5775559700,16558.6217604652,19731048.8879453
2025-05-22 15:00:00,39038.637053136,7026954.669564480,16552.382110530,19731048.8879453
2025-05-22 16:00:00,39004.6327431448,7020833.8937660600,16537.9642830934,19731048.8879453
2025-05-22 17:00:00,39168.8914356243,7050400.4584123700,16607.6099687047,19731048.8879453
2025-05-22 18:00:00,39104.9995842724,7038899.9251690300,16580.5198237315,19731048.8879453
2025-05-22 19:00:00,39022.3488057314,7024022.7850316500,16545.4758936301,19731048.8879453
2025-05-22 20:00:00,38995.297962057,7019153.633170260,16534.006335912,19731048.8879453
2025-05-22 21:00:00,39224.7278139775,7060451.0065159500,16631.2845931265,19731048.8879453
2025-05-22 22:00:00,39096.1344445561,7037304.2000201000,16576.7610044918,19731048.8879453
2025-05-22 23:00:00,39052.9909495379,7029538.3709168200,16558.4681626041,19731048.8879453
2025-05-23 00:00:00,39120.6562985722,7041718.1337430000,16587.1582705946,19731048.8879453
2025-05-23 01:00:00,39031.5060912306,7025671.0964215100,16549.3585826818,19731048.8879453
2025-05-23 02:00:00,39305.5829008422,7075004.9221516000,16665.5671499571,19731048.8879453
2025-05-23 03:00:00,39089.8344399621,7036170.1991931800,16574.0898025439,19731048.8879453
2025-05-23 04:00:00,39090.2316100942,7036241.6898169600,16574.2582026799,19731048.8879453
2025-05-23 05:00:00,39070.9994491794,7032779.9008522900,16566.1037664521,19731048.8879453
2025-05-23 06:00:00,39050.9466503028,7029170.3970545000,16557.6013797284,19731048.8879453
2025-05-23 07:00:00,39051.6335805616,7029294.0445010900,16557.8926381581,19731048.8879453
2025-05-23 08:00:00,39065.8384428071,7031850.9197052800,16563.9154997502,19731048.8879453
2025-05-23 09:00:00,39070.4367949598,7032678.6230927600,16565.8652010630,19731048.8879453
2025-05-23 10:00:00,38971.9305575468,7014947.5003584200,16524.0985563998,19731048.8879453
2025-05-23 11:00:00,39121.1516828376,7041807.3029107700,16587.3683135231,19731048.8879453
2025-05-23 12:00:00,39052.0556197716,7029370.0115588900,16558.0715827832,19731048.8879453
2025-05-23 13:00:00,39051.1898485251,7029214.1727345200,16557.7044957746,19731048.8879453
2025-05-23 14:00:00,38934.2827126508,7008170.8882771400,16508.1358701639,19731048.8879453
2025-05-23 15:00:00,39017.361480672,7023125.066520960,16543.361267805,19731048.8879453
2025-05-23 16:00:00,39053.4319075557,7029617.7433600300,16558.6551288036,19731048.8879453
2025-05-23 17:00:00,39167.9419306223,7050229.5475120100,16607.2073785839,19731048.8879453
2025-05-23 18:00:00,38962.6375115709,7013274.7520827600,16520.1583049061,19731048.8879453
2025-05-23 19:00:00,38840.340387948,6991261.269830640,16468.304324490,19731048.8879453
2025-05-23 20:00:00,39073.9868593034,7033317.6346746100,16567.3704283446,19731048.8879453
2025-05-23 21:00:00,39069.0774703002,7032433.9446540400,16565.2888474073,19731048.8879453
2025-05-23 22:00:00,39133.8147454713,7044086.6541848300,16592.7374520798,19731048.8879453
2025-05-23 23:00:00,39182.6304014235,7052873.4722562300,16613.4352902036,19731048.8879453
2025-05-24 00:00:00,39020.2900815989,7023652.2146878000,16544.6029945979,19731048.8879453
2025-05-24 01:00:00,38901.4008538595,7002252.1536947100,16494.1939620364,19731048.8879453
2025-05-24 02:00:00,39189.4559022562,7054102.0624061200,16616.3293025566,19731048.8879453
2025-05-24 03:00:00,38927.5314445595,7006955.6600207100,16505.2733324932,19731048.8879453
2025-05-24 04:00:00,39148.773988241100,7046779.317883400000,16599.080171014200,19731048.8879453
2025-05-24 05:00:00,39100.4284591136,7038077.1226404500,16578.5816666642,19731048.8879453
2025-05-24 06:00:00,38990.3900432838,7018270.2077910800,16531.9253783523,19731048.8879453
2025-05-24 07:00:00,38861.7892672324,6995122.0681018300,16477.3986493065,19731048.8879453
2025-05-24 08:00:00,39159.6278635973,7048733.0154475100,16603.6822141653,19731048.8879453
2025-05-24 09:00:00,39036.0599065125,7026490.7831722500,16551.2894003613,19731048.8879453
2025-05-24 10:00:00,39308.913249032,7075604.384825760,16666.979217590,19731048.8879453
2025-05-24 11:00:00,39044.3055939757,7027975.0069156300,16554.7855718457,19731048.8879453
2025-05-24 12:00:00,39248.8340922473,7064790.1366045100,16641.5056551129,19731048.8879453
2025-05-24 13:00:00,39171.5989056478,7050887.8030166000,16608.7579359947,19731048.8879453
2025-05-24 14:00:00,39263.89648690370,7067501.36764267000,16647.89211044720,19731048.8879453
2025-05-24 15:00:00,38972.7988531505,7015103.7935670900,16524.4667137358,19731048.8879453
2025-05-24 16:00:00,39074.4637963441,7033403.4833419400,16567.5726496499,19731048.8879453
2025-05-24 17:00:00,39135.2653630873,7044347.7653557100,16593.3525139490,19731048.8879453
2025-05-24 18:00:00,39054.416101662,7029794.898299160,16559.072427105,19731048.8879453
2025-05-24 19:00:00,39038.00708735190,7026841.27572334000,16552.11500503720,19731048.8879453
2025-05-24 20:00:00,39043.5191180546,7027833.4412498300,16554.4521060552,19731048.8879453
2025-05-24 21:00:00,39084.4231477497,7035196.1665949500,16571.7954146459,19731048.8879453
2025-05-24 22:00:00,38771.5519080792,6978879.3434542600,16439.1380090256,19731048.8879453
2025-05-24 23:00:00,38997.4410857095,7019539.3954277100,16534.9150203408,19731048.8879453
2025-05-25 00:00:00,39186.245308455,7053524.155521900,16614.968010785,19731048.8879453
2025-05-25 01:00:00,39059.9374808079,7030788.7465454200,16561.4134918625,19731048.8879453
2025-05-25 02:00:00,39011.4495612988,7022060.9210337800,16540.8546139907,19731048.8879453
2025-05-25 03:00:00,39052.2892337592,7029412.0620766600,16558.1706351139,19731048.8879453
2025-05-25 04:00:00,39157.335248075300,7048320.344653550000,16602.710145183900,19731048.8879453
2025-05-25 05:00:00,39070.407945164900,7032673.430129680000,16565.852968749900,19731048.8879453
2025-05-25 06:00:00,39039.347618034500,7027082.571246210000,16552.683390046600,19731048.8879453
2025-05-25 07:00:00,39086.6278823582,7035593.0188244800,16572.7302221199,19731048.8879453
2025-05-25 08:00:00,39014.5945356868,7022627.0164236200,16542.1880831312,19731048.8879453
2025-05-25 09:00:00,39187.0163469618,7053662.9424531200,16615.2949311118,19731048.8879453
2025-05-25 10:00:00,39085.1678053383,7035330.2049608900,16572.1111494634,19731048.8879453
2025-05-25 11:00:00,39046.9259875512,7028446.6777592200,16555.8966187217,19731048.8879453
2025-05-25 12:00:00,38969.7633138014,7014557.3964842500,16523.1796450518,19731048.8879453
2025-05-25 13:00:00,39008.4641762085,7021523.5517175300,16539.5888107124,19731048.8879453
2025-05-25 14:00:00,39021.7819766136,7023920.7557904500,16545.2355580842,19731048.8879453
2025-05-25 15:00:00,39099.0353191657,7037826.3574498300,16577.9909753263,19731048.8879453
2025-05-25 16:00:00,38966.3466797589,7013942.4023566000,16521.7309922178,19731048.8879453
2025-05-25 17:00:00,39093.9161311258,7036904.9036026400,16575.8204395973,19731048.8879453
2025-05-25 18:00:00,39019.2155515726,7023458.7992830700,16544.1473938668,19731048.8879453
2025-05-25 19:00:00,39156.1334738097,7048104.0252857500,16602.2005928953,19731048.8879453
2025-05-25 20:00:00,39191.298017136,7054433.643084480,16617.110359266,19731048.8879453
2025-05-25 21:00:00,39038.9860246926,7027017.4844446700,16552.5300744697,19731048.8879453
2025-05-25 22:00:00,39134.9438127059,7044289.8862870600,16593.2161765873,19731048.8879453
2025-05-25 23:00:00,39113.97095503610,7040514.77190650000,16584.32368493530,19731048.8879453
2025-05-26 00:00:00,39133.4029701306,7044012.5346235100,16592.5628593354,19731048.8879453
2025-05-26 01:00:00,39173.835735653100,7051290.432417560000,16609.706351916900,19731048.8879453
2025-05-26 02:00:00,39243.8934955334,7063900.8291960100,16639.4108421062,19731048.8879453
2025-05-26 03:00:00,39042.0533404262,7027569.6012767200,16553.8306163407,19731048.8879453
2025-05-26 04:00:00,39212.6802506203,7058282.4451116500,16626.1764262630,19731048.8879453
2025-05-26 05:00:00,38988.7051597858,7017966.9287614400,16531.2109877492,19731048.8879453
2025-05-26 06:00:00,39126.4741648403,7042765.3496712500,16589.6250458923,19731048.8879453
2025-05-26 07:00:00,39212.6112885146,7058270.0319326300,16626.1471863302,19731048.8879453
2025-05-26 08:00:00,39113.5623282066,7040441.2190771900,16584.1504271596,19731048.8879453
2025-05-26 09:00:00,39109.7719783604,7039758.9561048700,16582.5433188248,19731048.8879453
2025-05-26 10:00:00,38990.7038402829,7018326.6912509200,16532.0584282799,19731048.8879453
2025-05-26 11:00:00,39066.8219156685,7032027.9448203300,16564.3324922434,19731048.8879453
2025-05-26 12:00:00,39013.0283524504,7022345.1034410700,16541.5240214390,19731048.8879453
2025-05-26 13:00:00,38987.9950526004,7017839.1094680700,16530.9099023026,19731048.8879453
2025-05-26 14:00:00,38890.5070742438,7000291.2733638800,16489.5749994794,19731048.8879453
2025-05-26 15:00:00,39029.5702283877,7025322.6411097900,16548.5377768364,19731048.8879453
2025-05-26 16:00:00,38903.8686209244,7002696.3517663900,16495.2402952719,19731048.8879453
2025-05-26 17:00:00,38998.6364103816,7019754.5538686900,16535.4218380018,19731048.8879453
2025-05-26 18:00:00,38981.2005930374,7016616.1067467300,16528.0290514479,19731048.8879453
2025-05-26 19:00:00,39034.656558175700,7026238.180471630000,16550.694380666500,19731048.8879453
2025-05-26 20:00:00,39105.7283467337,7039031.1024120700,16580.8288190151,19731048.8879453
2025-05-26 21:00:00,39139.979669223,7045196.340460140,16595.351379751,19731048.8879453
2025-05-26 22:00:00,39082.2667365474,7034808.0125785300,16570.8810962961,19731048.8879453
2025-05-26 23:00:00,39096.0386854294,7037286.9633772900,16576.7204026221,19731048.8879453
2025-05-27 00:00:00,39117.4937369054,7041148.8726429700,16585.8173444479,19731048.8879453
2025-05-27 01:00:00,38995.3929167182,7019170.7250092800,16534.0465966885,19731048.8879453
2025-05-27 02:00:00,39043.6022970063,7027848.4134611300,16554.4873739307,19731048.8879453
2025-05-27 03:00:00,39255.2440312036,7065943.9256166500,16644.2234692303,19731048.8879453
2025-05-27 04:00:00,39206.704182063900,7057206.752771500000,16623.642573195100,19731048.8879453
2025-05-27 05:00:00,39015.7431458834,7022833.7662590100,16542.6750938546,19731048.8879453
2025-05-27 06:00:00,38997.0042193694,7019460.7594864900,16534.7297890126,19731048.8879453
2025-05-27 07:00:00,39128.7885147991,7043181.9326638400,16590.6063302748,19731048.8879453
2025-05-27 08:00:00,39265.2753406551,7067749.5613179200,16648.4767444378,19731048.8879453
2025-05-27 09:00:00,39114.7861697912,7040661.5105624200,16584.6693359915,19731048.8879453
2025-05-27 10:00:00,38995.9824511794,7019276.8412122900,16534.2965593001,19731048.8879453
2025-05-27 11:00:00,38958.7084330478,7012567.5179486000,16518.4923756123,19731048.8879453
2025-05-27 12:00:00,39183.4786131315,7053026.1503636700,16613.7949319678,19731048.8879453
2025-05-27 13:00:00,39123.4116065488,7042214.0891787800,16588.3265211767,19731048.8879453
2025-05-27 14:00:00,39141.5563521204,7045480.1433816700,16596.0198932990,19731048.8879453
2025-05-27 15:00:00,39115.2610956684,7040746.9972203100,16584.8707045634,19731048.8879453
2025-05-27 16:00:00,39053.2548280699,7029585.8690525800,16558.5800471016,19731048.8879453
2025-05-27 17:00:00,38853.7002424772,6993666.0436459000,16473.9689028103,19731048.8879453
2025-05-27 18:00:00,39167.2521708643,7050105.3907555700,16606.9149204465,19731048.8879453
2025-05-27 19:00:00,39123.1764391108,7042171.7590399400,16588.2268101830,19731048.8879453
2025-05-27 20:00:00,38998.75168473,7019775.30325140,16535.47071433,19731048.8879453
2025-05-27 21:00:00,39075.012289198100,7033502.212055660000,16567.805210620000,19731048.8879453
2025-05-27 22:00:00,39302.1582221453,7074388.4799861500,16664.1150861896,19731048.8879453
2025-05-27 23:00:00,38978.8313036376,7016189.6346547700,16527.0244727423,19731048.8879453
2025-05-28 00:00:00,39153.6044286711,7047648.7971608000,16601.1282777565,19731048.8879453
2025-05-28 01:00:00,39007.6993931139,7021385.8907605000,16539.2645426803,19731048.8879453
2025-05-28 02:00:00,39139.4448384113,7045100.0709140300,16595.1246114864,19731048.8879453
2025-05-28 03:00:00,39030.6390439354,7025515.0279083700,16548.9909546286,19731048.8879453
2025-05-28 04:00:00,39053.1820239483,7029572.7643106900,16558.5491781541,19731048.8879453
2025-05-28 05:00:00,38950.3412851744,7011061.4313313900,16514.9447049139,19731048.8879453
2025-05-28 06:00:00,39070.9931105466,7032778.7598983900,16566.1010788718,19731048.8879453
2025-05-28 07:00:00,39016.6508741633,7022997.1573493900,16543.0599706452,19731048.8879453
2025-05-28 08:00:00,39080.0321534973,7034405.7876295100,16569.9336330829,19731048.8879453
2025-05-28 09:00:00,38893.9415590969,7000909.4806374400,16491.0312210571,19731048.8879453
2025-05-28 10:00:00,39035.0487628143,7026308.7773065700,16550.8606754333,19731048.8879453
2025-05-28 11:00:00,39142.3305530085,7045619.4995415300,16596.3481544756,19731048.8879453
2025-05-28 12:00:00,39079.5343003553,7034316.1740639500,16569.7225433506,19731048.8879453
2025-05-28 13:00:00,39064.5387872905,7031616.9817122900,16563.3644458112,19731048.8879453
2025-05-28 14:00:00,38992.4815008374,7018646.6701507300,16532.8121563551,19731048.8879453
2025-05-28 15:00:00,39049.8418002517,7028971.5240453100,16557.1329233067,19731048.8879453
2025-05-28 16:00:00,39058.9299572041,7030607.3922967400,16560.9863018545,19731048.8879453
2025-05-28 17:00:00,39158.45231767890,7048521.41718220000,16603.18378269590,19731048.8879453
2025-05-28 18:00:00,39115.5071095197,7040791.2797135500,16584.9750144364,19731048.8879453
2025-05-28 19:00:00,39136.0102009872,7044481.8361777000,16593.6683252186,19731048.8879453
2025-05-28 20:00:00,39057.991839549,7030438.531118820,16560.588539969,19731048.8879453
2025-05-28 21:00:00,39079.965632528,7034393.813855040,16569.905428192,19731048.8879453
2025-05-28 22:00:00,38982.0720926327,7016772.9766738900,16528.3985672763,19731048.8879453
2025-05-28 23:00:00,39115.590232991100,7040806.241938400000,16585.010258788200,19731048.8879453
2025-05-29 00:00:00,39128.2795101018,7043090.3118183200,16590.3905122832,19731048.8879453
2025-05-29 01:00:00,39143.4758482527,7045825.6526854900,16596.8337596591,19731048.8879453
2025-05-29 02:00:00,39093.1228588588,7036762.1145945800,16575.4840921561,19731048.8879453
2025-05-29 03:00:00,38944.230829280500,7009961.549270490000,16512.353871614900,19731048.8879453
2025-05-29 04:00:00,38898.7115813989,7001768.0846518000,16493.0537105131,19731048.8879453
2025-05-29 05:00:00,39045.8040634149,7028244.7314146800,16555.4209228879,19731048.8879453
2025-05-29 06:00:00,39228.4735021221,7061125.2303819800,16632.8727648998,19731048.8879453
2025-05-29 07:00:00,39037.7952632814,7026803.1473906500,16552.0251916313,19731048.8879453
2025-05-29 08:00:00,39045.5768990208,7028203.8418237400,16555.3246051848,19731048.8879453
2025-05-29 09:00:00,39097.3996745002,7037531.9414100400,16577.2974619881,19731048.8879453
2025-05-29 10:00:00,39090.2856757193,7036251.4216294700,16574.2811265050,19731048.8879453
2025-05-29 11:00:00,39187.6794900101,7053782.3082018200,16615.5761037643,19731048.8879453
2025-05-29 12:00:00,39142.1565665536,7045588.1819796500,16596.2743842187,19731048.8879453
2025-05-29 13:00:00,38883.731408657700,6999071.653558390000,16486.702117270900,19731048.8879453
2025-05-29 14:00:00,39181.0920138548,7052596.5624938600,16612.7830138744,19731048.8879453
2025-05-29 15:00:00,38997.2172917482,7019499.1125146800,16534.8201317012,19731048.8879453
2025-05-29 16:00:00,39053.8212133447,7029687.8184020500,16558.8201944582,19731048.8879453
2025-05-29 17:00:00,39232.3431472939,7061821.7665129000,16634.5134944526,19731048.8879453
2025-05-29 18:00:00,39251.1179557402,7065201.2320332400,16642.4740132338,19731048.8879453
2025-05-29 19:00:00,38978.0463395567,7016048.3411202100,16526.6916479720,19731048.8879453
2025-05-29 20:00:00,39079.0286244804,7034225.1524064700,16569.5081367797,19731048.8879453
2025-05-29 21:00:00,39067.0761960956,7032073.7152972100,16564.4403071445,19731048.8879453
2025-05-29 22:00:00,38870.28425575910,6996651.16603664000,16481.00052444190,19731048.8879453
2025-05-29 23:00:00,39053.062921454,7029551.325861720,16558.498678697,19731048.8879453
2025-05-30 00:00:00,39064.1845450983,7031553.2181176900,16563.2142471217,19731048.8879453
2025-05-30 01:00:00,39221.3630402152,7059845.3472387400,16629.8579290512,19731048.8879453
2025-05-30 02:00:00,39109.0944104148,7039636.9938746600,16582.2560300159,19731048.8879453
2025-05-30 03:00:00,39114.6886075524,7040643.9493594300,16584.6279696022,19731048.8879453
2025-05-30 04:00:00,39089.7275708904,7036150.9627602700,16574.0444900575,19731048.8879453
2025-05-30 05:00:00,39147.5743915802,7046563.3904844400,16598.5715420300,19731048.8879453
2025-05-30 06:00:00,39207.0183535555,7057263.3036399900,16623.7757819075,19731048.8879453
2025-05-30 07:00:00,39248.4288774609,7064717.1979429600,16641.3338440434,19731048.8879453
2025-05-30 08:00:00,39019.3339744323,7023480.1153978100,16544.1976051593,19731048.8879453
2025-05-30 09:00:00,39036.2777502036,7026529.9950366500,16551.3817660863,19731048.8879453
2025-05-30 10:00:00,39177.3687397815,7051926.3731606700,16611.2043456674,19731048.8879453
2025-05-30 11:00:00,39047.1764120923,7028491.7541766100,16556.0027987271,19731048.8879453
2025-05-30 12:00:00,39088.957780692,7036012.400524560,16573.718099013,19731048.8879453
2025-05-30 13:00:00,39098.5710871307,7037742.7956835300,16577.7941409434,19731048.8879453
2025-05-30 14:00:00,38980.2356783614,7016442.4221050500,16527.6199276252,19731048.8879453
2025-05-30 15:00:00,39037.5346164813,7026756.2309666300,16551.9146773881,19731048.8879453
2025-05-30 16:00:00,38908.223372622,7003480.207071960,16497.086709992,19731048.8879453
2025-05-30 17:00:00,39121.9992842614,7041959.8711670500,16587.7276965268,19731048.8879453
2025-05-30 18:00:00,38932.7830087733,7007900.9415791900,16507.4999957199,19731048.8879453
2025-05-30 19:00:00,39174.2404649863,7051363.2836975300,16609.8779571542,19731048.8879453
2025-05-30 20:00:00,39233.2658552749,7061987.8539494800,16634.9047226366,19731048.8879453
2025-05-30 21:00:00,38970.1885292629,7014633.9352673200,16523.3599364075,19731048.8879453
2025-05-30 22:00:00,38974.2783621716,7015370.1051908900,16525.0940255608,19731048.8879453
2025-05-30 23:00:00,39049.9012058629,7028982.2170553200,16557.1581112859,19731048.8879453
2025-05-31 00:00:00,39207.0183535555,7057263.30363999,16623.7757819075,19731048.8879453